200601120,25050630
200634162,20260930
200717885,20261231
200753708,20261231
200753708,20261231
3012097,20270322
200757066,20261231
200745496,20261231
200645677,20260920
200775013,20261108
200774476,20260930
200775013,20261108
200774476,20260930
200775013,20261108
200779530,20261108
200772058,20261231
200789580,20261207
200789580,20261207
200790257,20261130
200789580,20261207
200789580,20261207
200795034,20261128
200796808,20261230
200768708,20260906
200789490,20260930
200805233,20261231
200817113,20260930
200806232,20261231
200817599,20270701
200825527,20260905
200825621,20260930
200820450,20260930
200833469,20260901
200831184,20260930
200823945,20261009
200825849,20261230
200273111,20261230
200836374,20260831
200832522,20260831
200817113,20260930
200836374,20260831
200831184,20260930
200828913,20261231
200823945,20261009
200843139,20261231
200840974,20261230
200845997,20261128
200838133,20261208
200820645,20261031
200847517,20261231
200784823,20260930
200829360,20260930
200843139,20261231
200840974,20261230
200876930,20260831
200877267,20260831
200732445,20261031
200868438,20260831
200871287,20260831
200863870,20260831
200860928,20261130
200875010,20260831
200857306,20260831
200654328,20261231
200877686,20260831
200862420,20260831
200863671,20261231
200878691,20260831
200881055,20260831
200877950,20260831
200879105,20260831
200696761,20261231
200879563,20260831
200792325,20260831
200881055,20260831
200815745,20260831
200870722,20260831
200871697,20260831
200866492,20260831
200863870,20260831
200879214,20260831
200869617,20260930
200875684,20260831
200878323,20260831
200878298,20260909
200824668,20260831
200876436,20260831
200863870,20260831
200881471,20260831
200880690,20260831
200879563,20260831
200880285,20260831
200882204,20260831
200880194,20260831
200879214,20260831
200391554,20260930
200865443,20260831
200879359,20260831
200879994,20260905
200857306,20260831
200877114,20260831
200730937,20260930
200873511,20261208
200878781,20260831
200879869,20260831
200792325,20260831
200878526,20260831
200876005,20260831
200824668,20260831
200879254,20260831
200862420,20260831
200882605,20260831
200881886,20260831
200671945,20260930
200880630,20260905
200876009,20260831
200882204,20260831
200883514,20260831
200872221,20261001
200859493,20260831
200865332,20260831
200879737,20260831
200876012,20260831
200880198,20260930
200730937,20260930
200880665,20261231
200869617,20260930
200878001,20260831
200882783,20260831
200812767,20260831
200854236,20260831
200877267,20260831
200879737,20260831
200882036,20260831
200732445,20261031
200881207,20260831
200881573,20260930
200792761,20260901
200878001,20260831
200882854,20261030
200882204,20260831
200859493,20260831
200874869,20260831
200881857,20260930
200854236,20260831
200881820,20260930
200873511,20261208
200879869,20260831
200870333,20260831
200691027,20260831
200882783,20260831
200813625,20260831
200877125,20260831
200878179,20260904
200874350,20260831
200880410,20260831
200900849,20260904
200893568,20260831
200900751,20260901
200901649,20260831
200897610,20260831
200895705,20260831
200894034,20260831
200878162,20260831
200890894,20260916
200733589,20260831
200844221,20260929
200896090,20260831
200898475,20260831
200900321,20260904
200892789,20260831
200894276,20260831
200899004,20260831
200899961,20260831
200884939,20260831
200897661,20260831
200885810,20260831
200898354,20260930
200898039,20261216
200832316,20260831
200892417,20260831
200900140,20260903
200894077,20260831
200895394,20260831
200898645,20260831
200468955,20260831
200898482,20260901
200900724,20260831
200899926,20260903
200899206,20260831
200898391,20260831
200902011,20261031
200901445,20260901
200889684,20260831
200899942,20260831
200902584,20260905
200901258,20260904
200902886,20260905
200901025,20260905
200901220,20260905
200885905,20260905
200901654,20260930
200902443,20260901
200900059,20260831
200902346,20260831
200902448,20260901
200900640,20260831
200900483,20260904
200899993,20260902
200895612,20260831
200900066,20260902
200577926,20260930
200899954,20260831
200900765,20260831
200875439,20260903
200901251,20260831
200894953,20260831
200901693,20260901
200830893,20260831
200902603,20260905
200891808,20260905
200900578,20260901
200900764,20260831
200902601,20260904
200892464,20260902
200900658,20260905
200860204,20261130
200900728,20260831
200753674,20260831
200901826,20260904
200901002,20260831
200897956,20260831
200897013,20260930
200895931,20260901
200890091,20260831
200831340,20260831
200895128,20260831
200899005,20260831
200887754,20260831
200898704,20260831
200901062,20260831
200900062,20260831
200901560,20260831
200895624,20260831
200889247,20260831
200902679,20260905
200898508,20260831
200893563,20260831
200899254,20260903
200897529,20260831
200889441,20260901
200898882,20260902
200893451,20260831
200896410,20260831
200893662,20260901
200895513,20260831
200901826,20260904
200888402,20260831
200902780,20260904
200901445,20260901
200900812,20260905
200894748,20260831
200896535,20260831
200902214,20260905
200901434,20260831
200894740,20260831
200902377,20260831
200899820,20260831
200889906,20260831
200898472,20260831
200899501,20260831
200900581,20260831
200750855,20260831
200901057,20260904
200890600,20260831
200898354,20260930
200892496,20260930
200889108,20260831
200885962,20260831
200765384,20260831
200443959,20260831
200899235,20260915
200901003,20260930
200901247,20260831
200898203,20260831
200872832,20260831
200900657,20260901
200785420,20260831
200901945,20260905
200902341,20260909
200899079,20260902
200890833,20270513
200883934,20260831
200869869,20260831
200854706,20260831
200884043,20261231
200902000,20260905
200834983,20260831
200895705,20260831
200892776,20260831
200888490,20260831
200897610,20260831
200855332,20260904
200901635,20260831
200890069,20260831
200885905,20260905
200903738,20260905
200803193,20260905
200902596,20260905
200903200,20260831
200899766,20260831
200904045,20260905
200874531,20260905
200885890,20260901
200899216,20260831
200846656,20260831
200903885,20260904
200903782,20260910
200902599,20260905
200577926,20260930
200902428,20260901
200897966,20260831
200903036,20260930
200903932,20260831
200547237,20260831
200901919,20260905
200898529,20260831
200898998,20260831
200882036,20260831
200893232,20260831
200903550,20260831
200871699,20260905
200901402,20260831
200894905,20260831
200900543,20260831
200902588,20260905
200884584,20260831
200898089,20260831
200902074,20260901
200902123,20260831
200902889,20260831
200902088,20260905
200892483,20260831
200902871,20260831
200901654,20260930
200898991,20260831
200903780,20260831
200901420,20261031
200900831,20260831
200888066,20260831
200902656,20260905
200894867,20260831
200892783,20260831
200895090,20260831
200901428,20260831
200897302,20260930
200903300,20260831
200900849,20260904
200765229,20260928
200899235,20260915
200901247,20260831
200905182,20260903
200895705,20260831
200902586,20260831
200898611,20260901
200885251,20260831
200903418,20261031
200873170,20260831
200902645,20260831
200904492,20260907
200869389,20260831
200904685,20260904
200897746,20260831
200900140,20260903
200898682,20260831
200901115,20260831
200893568,20260831
200903007,20260902
200898354,20260930
200904289,20260906
200857925,20260831
200898676,20260831
200884288,20260904
200468955,20260831
200899067,20260930
200901649,20260831
200884255,20260831
200896432,20260903
200901595,20260901
200905108,20260910
200902550,20260831
200903809,20260906
200903752,20260831
200901635,20260831
200892762,20260831
200900421,20260831
200905190,20260831
200844221,20260929
200905028,20260904
200901178,20260904
200899003,20260831
200765229,20260928
200891228,20260905
200904251,20260903
200903294,20260903
200902876,20260901
200905240,20260831
200879522,20260831
200900393,20260901
200904907,20260904
200902000,20260905
200900665,20260831
200899991,20260903
200897610,20260831
200899141,20260831
200899157,20260903
200904390,20260930
200898264,20260831
200901634,20260904
200905231,20260904
200900099,20260904
200899737,20260831
200903937,20260903
200905273,20260903
200892496,20260930
200899988,20260904
200900662,20260831
200901911,20260904
200897411,20260831
200884043,20261231
200904228,20260905
200889247,20260831
200900925,20260901
200892148,20260831
200869457,20260831
200890600,20260831
200883429,20260831
200899339,20260915
200899999,20260904
200899295,20260831
200900126,20260903
200868438,20260831
200889711,20260831
200869568,20260831
200895705,20260831
200897610,20260831
200893333,20260831
200900660,20260904
200905882,20260930
200839738,20260831
200903752,20260831
200869869,20260831
200894889,20260831
200885557,20260831
200901486,20260831
200897021,20260831
200902368,20260901
200884288,20260904
200885578,20260831
200905028,20260904
200666717,20260921
200893786,20260831
200901730,20260904
200905361,20260907
200898354,20260930
200884462,20260930
200905221,20260930
200902498,20260831
200902924,20260901
200901430,20260904
200902067,20260831
200903562,20260905
200899297,20260831
200900692,20260901
200900510,20260831
200898549,20261030
200905014,20260905
200894063,20260831
200900836,20260831
200898844,20260831
200904685,20260904
200903576,20260831
200902519,20260906
200902996,20260904
200904352,20260906
200905658,20260831
200904511,20260908
200784494,20260831
200903843,20260831
200904370,20260930
200903397,20260831
200893892,20260831
200897342,20260831
200899216,20260831
200898998,20260831
200895369,20260831
200883700,20260831
200900765,20260831
200902515,20260831
200900029,20260831
200896486,20260831
200905559,20260904
200905664,20260831
200903008,20260905
200903036,20260930
200893717,20260831
200903637,20260901
200903780,20260831
200902341,20260909
200904475,20260908
200900957,20260905
200905867,20260831
200903459,20260903
200900332,20260831
200904795,20260905
200903158,20260930
200905064,20260901
200892302,20260831
200895001,20260831
200884100,20260930
200901445,20260901
200905006,20260915
200905116,20260908
200896324,20260831
200869362,20260831
200903338,20260902
200904019,20260906
200904767,20260904
200905674,20260904
200905137,20260907
200894953,20260831
200898950,20260930
200899241,20260831
200904644,20260905
200905664,20260831
200904475,20260908
200900417,20260831
200877114,20260831
200903853,20260831
200902077,20260901
200902989,20260903
200898237,20260831
200904142,20260909
200892653,20261231
200904514,20260902
200896474,20260831
200877947,20260903
200902743,20260916
200904441,20260930
200904504,20260907
200897332,20260904
200885890,20260901
200903387,20260906
200903354,20260902
200904160,20260906
200903932,20260831
200902791,20260904
200905062,20260906
200901044,20260831
200903349,20260902
200872623,20260903
200864563,20260903
200903738,20260905
200903499,20260831
200904347,20260906
200902626,20260902
200903424,20260906
200903045,20260905
200903667,20260905
200816403,20260831
200856576,20260901
200904277,20260831
200905030,20260831
200892302,20260831
200902261,20260902
200900959,20260905
200902921,20260831
200903047,20260831
200902723,20260905
200902799,20260904
200777654,20260831
200905559,20260904
200902987,20261001
200904631,20260905
200902926,20260905
200897328,20260831
200904259,20260905
200904865,20260831
200905855,20260915
200901282,20260831
200905238,20260831
200881791,20260831
200903045,20260905
200902672,20260902
200906000,20261005
200903573,20261031
200905665,20260831
200904335,20260906
200905989,20261003
200900435,20260911
200873626,20260904
200902742,20260905
200903488,20260831
200884100,20260930
200856593,20260831
200902794,20260831
200905717,20260904
200903949,20260906
200891632,20260901
200903067,20260905
200892770,20260905
200904514,20260902
200904054,20260904
200903464,20260906
200902283,20260906
200905987,20261005
200904265,20260831
200903047,20260831
200903533,20260831
200892987,20260831
200904334,20260905
200895626,20260831
200903183,20260831
200830629,20260831
200905686,20260905
200905660,20260831
200896324,20260831
200902849,20260831
200903780,20260831
200897674,20260831
200901391,20260831
200895001,20260831
200895054,20260831
200900716,20260910
200903046,20260902
200906099,20260930
200901911,20260904
200904898,20260907
200882783,20260831
200905231,20260904
200897624,20260831
200890597,20260831
200901943,20260908
200904507,20260831
200790396,20260928
200899790,20260831
200899599,20260901
200905031,20260904
200892064,20260831
200904508,20260831
200898039,20261216
200902405,20260831
200891228,20260905
200904794,20261007
200896011,20260831
200901257,20261003
200883934,20260831
200896432,20260903
200897994,20260831
200904193,20260903
200901221,20260831
200146774,20260831
200905336,20260903
200884288,20260904
200906111,20260905
200905288,20260831
200906899,20260910
200903571,20260831
200906657,20260930
200900140,20260903
200902498,20260831
200902586,20260831
200750855,20260831
200901326,20260904
200903679,20260831
200891270,20260905
200905227,20260904
200901057,20260904
200900320,20260831
200888826,20260831
200901163,20260904
200906902,20260910
200901945,20260905
200905392,20260831
200906746,20260908
200903189,20260903
200890581,20261020
200895513,20260831
200901492,20260831
200907000,20260915
200903620,20260909
200895915,20260831
200899337,20260904
200902767,20260831
200862131,20260930
200905047,20260905
200897606,20260831
200902789,20260902
200902941,20260905
200906206,20260831
200886258,20260831
200904050,20260831
200900771,20260904
200856593,20260831
200903611,20260906
200905957,20260907
200901604,20260901
200891468,20260831
200906138,20260910
200900727,20260916
200904965,20260906
200704349,20260903
200899848,20260831
200898442,20260901
200884849,20260831
200878389,20260831
200900124,20260831
200902908,20261031
200901241,20260831
200895485,20260907
200784607,20260907
200898165,20260831
200901825,20260905
200904991,20260907
200905179,20260907
200901485,20260905
200900617,20260831
200904931,20260908
200906895,20260909
200906226,20260907
200903053,20260905
200906748,20260930
200897529,20260831
200867561,20260831
200906407,20260910
200906671,20261230
200902390,20260905
200907142,20260831
200905904,20260831
200889827,20260831
200900896,20260831
200904182,20260831
200893201,20260831
200904989,20260903
200901703,20260831
200905066,20260905
200885219,20260831
200906186,20260831
200906193,20260905
200901674,20260831
200897771,20260831
200903412,20260831
200891036,20260831
200906343,20260910
200906765,20260910
200897506,20260910
200900552,20260905
200907632,20260911
200903905,20260905
200884462,20260930
200907606,20260908
200839676,20260930
200901216,20260831
200702544,20261030
200904502,20260831
200907594,20260930
200904505,20260905
200904193,20260903
200902521,20260902
200862788,20260831
200902008,20260905
200907599,20260831
200678581,20261010
200907620,20260930
200901703,20260831
200899361,20260831
200858719,20260831
200861377,20260831
200906227,20260910
200902498,20260831
200908270,20260910
200845084,20260930
200907162,20260930
200902390,20260905
200906590,20260910
200908006,20260905
200908125,20260915
200874456,20260831
200907470,20260831
200903825,20260904
200733589,20260831
200908100,20260930
200895488,20260831
200896410,20260831
200899005,20260831
200906545,20260831
200894748,20260831
200885861,20260930
200907466,20260831
200906193,20260905
200907117,20260831
200907994,20260910
200901759,20260930
200903183,20260831
200905224,20260907
200900402,20260831
200734056,20260831
200905227,20260904
200897703,20260914
200896168,20260901
200884255,20260831
200901044,20260831
200905513,20261128
200905743,20260904
200905852,20260908
200902895,20260901
200907769,20260911
200888183,20260831
200901251,20260831
200908292,20260910
200807481,20260917
200899599,20260901
200902240,20260831
200906412,20260904
200900665,20260831
200894903,20260831
200902636,20260831
200903294,20260903
200896849,20260831
200893151,20260831
200823033,20260930
200902807,20260912
200893999,20260905
200908200,20260911
200907899,20260915
200902805,20260904
200907568,20260831
200900294,20260831
200904810,20260930
200900581,20260831
200905006,20260915
200907912,20261014
200818783,20260930
200905952,20260831
200901003,20260930
200906225,20260930
200854035,20260910
200897702,20260831
200900348,20260904
200905361,20260907
200907638,20260908
200903558,20260903
200902849,20260831
200901908,20260905
200880630,20260905
200906686,20260914
200902631,20260905
200896486,20260831
200894899,20260831
200901825,20260905
200886853,20260831
200886509,20260831
200900875,20260902
200902789,20260902
200901635,20260831
200908157,20260930
200856603,20260901
200899601,20260903
200905994,20261003
200902041,20260904
200907142,20260831
200904794,20261007
200904723,20260930
200904216,20260831
200839738,20260831
200907200,20260911
200899737,20260831
200905389,20260910
200907028,20260831
200906720,20260910
200905416,20260831
200903716,20260831
200903951,20260901
200905441,20260907
200889108,20260831
200907590,20260915
200886347,20260831
200890894,20260916
200894086,20260831
200898391,20260831
200817426,20260905
200866527,20260831
200894580,20261003
200906907,20260831
200844221,20260929
200907876,20260831
200908199,20260911
200900287,20260901
200893672,20260831
200905882,20260930
200906432,20260831
200877695,20260911
200882082,20260913
200904875,20261130
200905440,20260907
200906322,20260831
200904629,20260905
200907686,20260831
200904383,20260906
200901527,20260904
200899777,20260831
200890597,20260831
200903057,20260831
200854035,20260910
200902608,20260902
200906427,20260910
200908213,20260915
200901876,20260904
200907834,20260915
200906520,20260913
200899716,20260831
200900692,20260901
200900727,20260916
200869362,20260831
200900133,20260831
200904877,20260903
200901391,20260831
200898013,20260922
200904757,20260831
200900217,20260831
200901572,20260831
200904679,20260904
200895661,20260901
200897606,20260831
200902941,20260905
200878843,20261030
200907912,20261014
200908122,20261030
200905262,20260831
200907435,20260831
200901050,20260901
200899316,20260831
200899737,20260831
200907810,20260912
200897341,20260831
200902895,20260901
200904702,20260907
200872828,20260902
200905179,20260907
200906701,20260906
200900629,20260831
200900716,20260910
200904508,20260831
200905549,20260908
200893968,20260831
200897880,20260831
200901662,20260905
200885395,20260831
200906444,20260911
200903956,20260831
200907285,20260831
200901176,20260904
200903254,20260902
200907745,20260930
200785420,20260831
200869568,20260831
200908429,20260906
200906782,20260831
200900332,20260831
200900624,20260831
200906732,20260831
200907489,20260831
200908037,20260910
200902000,20260905
200891420,20260831
200889247,20260831
200908351,20260904
200889958,20260904
200900836,20260831
200904701,20260930
200908120,20260930
200907632,20260911
200907200,20260911
200899067,20260930
200907503,20260910
200886347,20260831
200908299,20260930
200894063,20260831
200424321,20260831
200901913,20260902
200887552,20260831
200902261,20260902
200888183,20260831
200902041,20260904
200854035,20260910
200897326,20260831
200883934,20260831
200750855,20260831
200907497,20260905
200799547,20260912
200904495,20260905
200907737,20260930
200895553,20260831
200906160,20260831
200555863,20260831
200901730,20260904
200889711,20260831
200903679,20260831
200905852,20260908
200905907,20260908
200903893,20260904
200903248,20260831
200902961,20260831
200907199,20260908
200888402,20260831
200900214,20260831
200897730,20260831
200896476,20260831
200906633,20260905
200899415,20260905
200899988,20260905
200907694,20260910
200906280,20260831
200899062,20260831
200901911,20260904
200901190,20260831
200885755,20260831
200889496,20260901
200904277,20260831
200901445,20260901
200895665,20260905
200893817,20260904
200894290,20260831
200908114,20260904
200900953,20260901
200906100,20260905
200900543,20260831
200906128,20260906
200147642,20260831
200907510,20260901
200517110,20260831
200888579,20260831
200897211,20260831
200893201,20260831
200903178,20260906
200902529,20260831
200903413,20260906
200904631,20260905
200901595,20260901
200907298,20260910
200769740,20260831
200908078,20260905
200906302,20260902
200900820,20260831
200905440,20260907
200898496,20260831
200895090,20260831
200890394,20260831
200812463,20260907
200907663,20260905
200854035,20260910
200906610,20260926
200905021,20260907
200712788,20260831
200903461,20260903
200896374,20260831
200904511,20260908
200906332,20260906
200901908,20260905
200904767,20260904
200900510,20260831
200895624,20260831
200901257,20261003
200900421,20260831
200906343,20260910
200877695,20260911
200903174,20260905
200902341,20260909
200903809,20260906
200901391,20260831
200906252,20260910
200897398,20260831
200856576,20260901
200898735,20260930
200906942,20260911
200907850,20260831
200905015,20260901
200902916,20260831
200893420,20260831
200906938,20260911
200904998,20260904
200893182,20260831
200907735,20260904
200903825,20260904
200908124,20260905
200905047,20260905
200905240,20260831
200897395,20260906
200893999,20260905
200905546,20260905
200878778,20260907
200897746,20260831
200906407,20260910
200908251,20260923
200902141,20260831
200885810,20260831
200895384,20260831
200903053,20260905
200906634,20260905
200898882,20260902
200907239,20260930
200905133,20260907
200655909,20260831
200890432,20260903
200905137,20260907
200906228,20260905
200900875,20260902
200893229,20260831
200909263,20260912
200909442,20260911
200897606,20260831
200907656,20260911
200896535,20260831
200903825,20260904
200909368,20260905
200906646,20260831
200905175,20260905
200905091,20260904
200909385,20260908
200901485,20260904
200896222,20260831
200907247,20260831
200903799,20260911
200902908,20261031
200892110,20260831
200908560,20260831
200893420,20260831
200908055,20260901
200900071,20260831
200908552,20260912
200904704,20260831
200903764,20260915
200907948,20260908
200901703,20260831
200904762,20260904
200907850,20260831
200905731,20260905
200898293,20260831
200892715,20260930
200817508,20260910
200907245,20260905
200899081,20260831
200906134,20260910
200856576,20260901
200899746,20260831
200904781,20260915
200899459,20260831
200902895,20260901
200906786,20260910
200898882,20260902
200897597,20260831
200904985,20260907
200909341,20260831
200903353,20260906
200906856,20260831
200905957,20260907
200866871,20260905
200904688,20260903
200906688,20260906
200898965,20261030
200909277,20260916
200906920,20260831
200898638,20260831
200904260,20260902
200899848,20260831
200906435,20260831
200908121,20260911
200784607,20260907
200903864,20260903
200903976,20260831
200893306,20260831
200901054,20260831
200905549,20260908
200904662,20260907
200888003,20260831
200901624,20260905
200906933,20260910
200902550,20260831
200857925,20260831
200905237,20260903
200882957,20261231
200891036,20260831
200905491,20260930
200896090,20260831
14344157,20260930
200906977,20260831
200807132,20260930
200904702,20260907
200899501,20260831
200905639,20260904
200895078,20260831
200904665,20260831
200908206,20260930
200907970,20260910
200902916,20260831
200908031,20260910
200908304,20260902
200901178,20260904
200908125,20260915
200889658,20260831
200892789,20260831
200902924,20260901
200904507,20260831
200895927,20260904
200908530,20260915
200895771,20260831
200905374,20260921
200906884,20260910
200909537,20260831
200905642,20260907
200896218,20260831
200901943,20260908
200908010,20260910
200901176,20260904
200908310,20260930
200798905,20260908
200908142,20260831
200890894,20260916
200903562,20260905
200905327,20260831
200891360,20260831
200907881,20260930
200906222,20260906
200889284,20260831
200903413,20260906
200900348,20260904
200892776,20260831
200887101,20260930
200896688,20260831
200890597,20260831
200906444,20260911
200900710,20260905
200902586,20260831
200906391,20260904
200904505,20260905
200901101,20260903
200899599,20260901
200903413,20260906
200901649,20260831
200906746,20260908
200906771,20260831
200906111,20260905
200389034,20260912
200892947,20260831
200906651,20260930
200147642,20260831
200907435,20260831
200905028,20260904
200907888,20260915
200900692,20260901
200905032,20260831
200907976,20260910
200827867,20260831
200902341,20260909
200899961,20260831
200899003,20260831
200821533,20260904
200895705,20260831
200908798,20260912
200904156,20260902
200899684,20260831
200900660,20260904
200898176,20260831
200900662,20260831
200900849,20260904
200900266,20260831
200844800,20260831
200885578,20260831
200902518,20260902
200905221,20260930
200902550,20260831
200906938,20260911
200898264,20260831
200904383,20260906
200901163,20260904
200844221,20260929
200905361,20260907
200908472,20260913
200903007,20260902
200896501,20260831
200907466,20260831
200900624,20260831
200907995,20260930
200900751,20260901
200893180,20260831
200898842,20260831
200907570,20260911
200892114,20260901
200891228,20260905
200902840,20260904
200903418,20261031
200898645,20260831
200894086,20260831
200902838,20260904
200907745,20260930
200909087,20260930
200897398,20260831
200901326,20260904
200901945,20260905
200885755,20260831
200907574,20260831
200903413,20260906
200888436,20260831
200894276,20260831
200904337,20260906
200146774,20260831
200902631,20260905
200904289,20260906
200908151,20260930
200905071,20260905
200895078,20260831
200908835,20260911
200906146,20260911
200905356,20260831
200905190,20260831
200905288,20260831
200909525,20260911
200904383,20260906
200896812,20260831
200900374,20260904
200900126,20260903
200734056,20260831
200885217,20260831
200907489,20260831
200901163,20260904
200902797,20260902
200905032,20260831
200886669,20260831
200900214,20260831
200907586,20260910
200898354,20260930
200908213,20260915
200907891,20260915
200891132,20270324
200900716,20260910
200899600,20260901
200891036,20260831
200908100,20260930
200907718,20260910
200903752,20260831
200909217,20260912
200908878,20260910
200904912,20260907
200866527,20260831
200908304,20260902
200909233,20260910
200906883,20260831
200896672,20260831
200908374,20260911
200721957,20260911
200902876,20260901
200906892,20260915
200909532,20260912
200908472,20260913
200897328,20260831
200899479,20260831
200906320,20260831
200884015,20260904
200906903,20260831
200879276,20260904
200908031,20260910
200907594,20260930
200879522,20260831
200900831,20260831
200905287,20260831
200901527,20260904
200905273,20260903
200909571,20260910
200894063,20260831
200909632,20260910
200895281,20261014
200905639,20260904
200904507,20260831
200907998,20260919
200904693,20260905
200855332,20260904
200898682,20260831
200909138,20260831
200892483,20260831
200888490,20260831
200906307,20260831
200905882,20260930
200886517,20260831
200903869,20260906
200903635,20260906
200908597,20260911
200907383,20260911
200680906,20260909
200897880,20260831
200894290,20260831
200908139,20260911
200909050,20260914
200904629,20260905
200889906,20260831
200909549,20260912
200896672,20260831
200906761,20260915
200905697,20260908
200908078,20260905
200904492,20260907
200895302,20260831
200898176,20260831
200899501,20260831
200909508,20260905
200905245,20260831
200908864,20260911
200902104,20260831
200904377,20260831
200906967,20260910
200908290,20260911
200907453,20260831
200907028,20260831
200906902,20260910
200905935,20260930
200905327,20260831
200906883,20260831
200903611,20260906
200902498,20260831
200790396,20260928
200905504,20260907
200893180,20260831
200897302,20260930
200898211,20260831
200887105,20260831
200882957,20261231
200904148,20260903
200903716,20260831
200902656,20260905
200903234,20260905
200907068,20260930
200899257,20260831
200905014,20260905
200902104,20260831
200754700,20260831
200906277,20260906
200907470,20260831
200908204,20260930
200894290,20260831
200750855,20260930
200907732,20260911
200899737,20260831
200903178,20260906
200905015,20260901
200904437,20260831
200897006,20260930
200901827,20260904
200908792,20260831
200873467,20260904
200862228,20261130
200889284,20260831
200899629,20260831
200854035,20260910
200908037,20260910
200895634,20260831
200908232,20260905
200314057,20260905
200903081,20261031
200897453,20260831
200907775,20260930
200857925,20260831
200906720,20260910
200907103,20260831
200908868,20260911
200898176,20260831
200907869,20260831
200907433,20260911
200905495,20260907
200907587,20260915
200894270,20260831
200893732,20260924
200902701,20260831
200901486,20260831
200898745,20260831
200758306,20260902
200907923,20260910
200902871,20260831
200904766,20260904
200907528,20260908
200904442,20260831
200898306,20260831
200899415,20260905
200907815,20260831
200893412,20260831
200906180,20260907
200906202,20260831
200897701,20260831
200886258,20260831
200893306,20260831
200907977,20260908
200909009,20260831
200893151,20260831
200899949,20260831
200898442,20260901
200909119,20260912
200908183,20260930
200670417,20260912
200904067,20260915
200906729,20260930
200902341,20260909
200562800,20260912
200878389,20260831
200890452,20260831
200905328,20260831
200902984,20260831
200901753,20260831
200902059,20260902
200899081,20260831
200905375,20260904
200908292,20260910
200906671,20261230
200906186,20260831
200909270,20260909
200908758,20260831
200906268,20260915
200906568,20260831
200895048,20260831
200898745,20260831
200905493,20260910
200906113,20260912
200903956,20260831
200908978,20260905
200895385,20260831
200902717,20260905
200907489,20260831
200908817,20260919
200907625,20260831
200902016,20260831
200899818,20260831
200736160,20260903
200906686,20260914
200903974,20260905
200906032,20260831
200904989,20260903
200903986,20260905
200909600,20260912
200901624,20260905
200888183,20260831
200905908,20260906
200898009,20260831
200899151,20260903
200891468,20260831
200906284,20260910
200907876,20260831
200905803,20260905
200901662,20260905
200909254,20260902
200902390,20260905
200909560,20260912
200892715,20260930
200910447,20260915
200904685,20260905
200907497,20260905
200899479,20260831
200901216,20260831
200736160,20260903
200906186,20260831
200905106,20260904
200899004,20260831
200902807,20260912
200910446,20260905
200900953,20260901
200890394,20260831
200910318,20260913
200899926,20260903
200874767,20260901
200866871,20260905
200909356,20260906
200907663,20260905
200905101,20260910
200896688,20260831
200903639,20260831
200901391,20260831
200893412,20260831
200907995,20260930
200901634,20260904
200909508,20260905
200887754,20260831
200908005,20260911
200904050,20260831
200908836,20260911
200862228,20261130
200904865,20260831
200901637,20260831
200904193,20260903
200909750,20260912
200907850,20260831
200910321,20260919
200908037,20260910
200908528,20260905
200902797,20260902
200909510,20260930
200907433,20260911
200905822,20260908
200909154,20260915
200903330,20260905
200903272,20260910
200884778,20260831
200899675,20260903
200907820,20260916
200869362,20260831
200901277,20260907
200901430,20260904
200902669,20260902
200907453,20260831
200898645,20260831
200902646,20260902
200906709,20260910
200908021,20260911
200902586,20260831
200907830,20260916
200672362,20261130
200908010,20260910
200907103,20260831
200898704,20260831
200907470,20260831
200902636,20260831
200874562,20260831
200901827,20260904
200907891,20260915
200908139,20260911
200905513,20261128
200898882,20260902
200908911,20260912
200908669,20260831
200468955,20260831
200908120,20260930
200910461,20260831
200906082,20260831
200899321,20260831
200910457,20260909
200907644,20260930
200888490,20260831
200905731,20260905
200909212,20260912
200909949,20260905
200909055,20260921
200908235,20260901
200902059,20260902
200909757,20260909
200820629,20260915
200910407,20260909
200908200,20260911
200898549,20261030
200900089,20260930
200886137,20260912
200894276,20260831
200905241,20260907
200892483,20260831
200908798,20260912
200781497,20260912
200867826,20260831
200899350,20260903
200900816,20260831
200906230,20260905
200903562,20260905
200907765,20260831
200909368,20260905
200910032,20260911
200908562,20260831
200908272,20260921
200904232,20260902
200905047,20260905
200909416,20260908
200898089,20260831
200904987,20260903
200910568,20260913
200910473,20260831
200908852,20260905
200900710,20260905
200883700,20260904
200901942,20260917
200910609,20260910
200897956,20260831
200900962,20260901
200892707,20260930
200905071,20260905
200909062,20260904
200908592,20260930
200849094,20260831
200905130,20260907
200899157,20260903
200902840,20260904
200910241,20260903
200907815,20260831
200900341,20260905
200805564,20260910
200902273,20260910
200906272,20260831
200904096,20260903
200885755,20260831
200899999,20260905
200893410,20260904
200907492,20260907
200900917,20260904
200906146,20260911
200901662,20260905
200900660,20260904
200904492,20260907
200909059,20260915
200883289,20260912
200902391,20260905
200899335,20260831
200893817,20260904
200897330,20260831
200908340,20260911
200900287,20260901
200900820,20260831
200906646,20260916
200908345,20260911
200902631,20260905
200910312,20260911
200904834,20260831
200906409,20260921
200899726,20260831
200900976,20260904
200902074,20260901
200905122,20260903
200826024,20260915
200894748,20260831
200904912,20260907
200902261,20260902
200909197,20260912
200903467,20260905
200865996,20260831
200900071,20260831
200904779,20260831
200903510,20260907
200889711,20260831
200889684,20260831
200910273,20260914
200896672,20260831
200897277,20260831
200907978,20260915
200909761,20260911
200897021,20260831
200899500,20261005
200910527,20260913
200901753,20260831
200905214,20260905
200899415,20260905
200910584,20260919
200908008,20260905
200894684,20260831
200406426,20260912
200900421,20260831
200904762,20260904
200903660,20260906
200910432,20260909
200907028,20260831
200910391,20260910
200910752,20260930
200901050,20260901
200898842,20260831
200904069,20260831
200906431,20260905
200898442,20260901
200905214,20260905
200902059,20260902
200903893,20260904
200902840,20260904
200885962,20260831
200903477,20260831
200891095,20260905
200910423,20260910
200908910,20260916
200898667,20260831
200907117,20260831
200906786,20260910
200901759,20260930
200678581,20261010
200894561,20260831
200905857,20260831
200900976,20260904
200892032,20260905
200905493,20260910
200910319,20260913
200895520,20260831
200910205,20260913
200900287,20260901
200906574,20260911
200905559,20260904
200909560,20260912
200901942,20260917
200909033,20260915
200902586,20260831
200910470,20260930
200908121,20260911
200605794,20260930
200895553,20260831
200903639,20260831
200900660,20260904
200903825,20260907
200893412,20260831
200902916,20260831
200904050,20260831
200902390,20260905
200910472,20260913
200908310,20260930
200904898,20260907
200905720,20260905
200907891,20260915
200904931,20260908
200907992,20260912
200906186,20260831
200894342,20260831
200908852,20260905
200899067,20260930
200906128,20260906
200899254,20260903
200908132,20260910
200909934,20260905
200899718,20260831
200888490,20260831
200900812,20260905
200905674,20260904
200903809,20260906
200907396,20260910
200905375,20260904
200903330,20260905
200910104,20260831
200907335,20260905
200905280,20260905
200906588,20260910
200892200,20260901
200901826,20260904
200904024,20260907
200879266,20260904
200906697,20260910
200896672,20260831
200903646,20260831
200901138,20260831
200905336,20260903
200906185,20260910
200901624,20260905
200899961,20260831
200904834,20260831
200903106,20260902
200892696,20260831
200899718,20260831
200909300,20260912
200904965,20260906
200790396,20260928
200906113,20260912
200910751,20260915
200899151,20260903
200902876,20260901
200904882,20260911
200900083,20260831
200903571,20260831
200906032,20260831
200908552,20260912
200907234,20260907
200905095,20261018
200890452,20260831
200898704,20260831
200904073,20260902
200851156,20260915
200894684,20260831
200899270,20260831
200909915,20260911
200907899,20260915
200904705,20260831
200904834,20260831
200903576,20260831
200905513,20261128
200893786,20260831
200857710,20260831
200895665,20260905
200901428,20260831
200908770,20260831
200904568,20260904
200908031,20260910
200909545,20260910
200906440,20260831
200909371,20260831
200904437,20260831
200910381,20260910
200909151,20260910
200902519,20260906
200910681,20260930
200905831,20260831
200904063,20260831
200903294,20260903
200910573,20260924
200799547,20260912
200905720,20260905
200909300,20260912
200844800,20260831
200906427,20260910
200903679,20260831
200895634,20260831
200902518,20260902
200907591,20260911
200909769,20260905
200899321,20260831
200907625,20260831
200900624,20260831
200887052,20260907
200909476,20260831
200897703,20260914
200906883,20260831
200899157,20260903
200909168,20260910
200901326,20260904
200907218,20260831
200892715,20260930
200905344,20260831
200908132,20260910
200900687,20260901
200899746,20260831
200905831,20260831
200842652,20260910
200895048,20260831
200906902,20260910
200897398,20260831
200891468,20260831
200897212,20260831
200855195,20260831
200900281,20260903
200907450,20260902
200903869,20260906
200894905,20260831
200905957,20260907
200147642,20260831
200898882,20260902
200893420,20260831
200909725,20261031
200907948,20260908
200900484,20260903
200909510,20260930
200893451,20260831
200904492,20260907
200901841,20260831
200898003,20260921
200883565,20260831
200908142,20260831
200908160,20260905
200890597,20260831
200909600,20260912
200908770,20260831
200900321,20260904
200897318,20260831
200901277,20260907
200905322,20260903
200905549,20260908
200909164,20260911
200908885,20260912
200848109,20260904
200898803,20260831
200903865,20260902
200907206,20260911
200909774,20260910
200903380,20260901
200897701,20260831
200750855,20260930
200909254,20260902
200904977,20260831
200907718,20260910
200898008,20260921
200902717,20260905
200901455,20260831
200900309,20260831
200909039,20260920
200893817,20260904
200909896,20260913
200906184,20260831
200899459,20260831
200908292,20260910
200905389,20260910
200895128,20260831
200905914,20260831
200900309,20260831
200910294,20260913
200907489,20260831
200907971,20260831
200910155,20260913
200903380,20260901
200909273,20260905
200908552,20260912
200906040,20260831
200856576,20260901
200899863,20260831
200910294,20260913
200910156,20260913
200729336,20261030
200905914,20260831
200899521,20260831
200908601,20260915
200910235,20260914
200903106,20260902
200907967,20260910
200895048,20260831
200901485,20260905
200895665,20260905
200909442,20260911
200906343,20260910
200877346,20260831
200905720,20260905
200910470,20260930
200909273,20260905
200899151,20260903
200907202,20260831
200905857,20260831
200906113,20260912
200903190,20260906
200910751,20260915
200884015,20260911
200907967,20260910
200889284,20260831
200908693,20260831
200900124,20260831
200910302,20260910
200906100,20260905
200905743,20260904
200906128,20260906
200907424,20260901
200848635,20260910
200907453,20260831
200899746,20260831
200902821,20260903
200894748,20260831
200899254,20260903
200909062,20260904
200899316,20260831
200905101,20260910
200895553,20260831
200889284,20260831
200903558,20260903
200909510,20260930
200904069,20260831
200908160,20260905
200909949,20260905
200898003,20260921
200909083,20260831
200901685,20260831
200903510,20260907
200901826,20260904
200891468,20260831
200901709,20260930
200898801,20260901
200869362,20260831
200899270,20260831
200836263,20261231
200902391,20260905
200905799,20260831
200905694,20260905
200907235,20260914
200909789,20260910
200903620,20260909
200890091,20260831
200909245,20260910
200897318,20260831
200907029,20260906
200898496,20260831
200902016,20260831
200907303,20260905
200910316,20260913
200909774,20260910
200906498,20260915
200910117,20260905
200896410,20260831
200899010,20260831
200904965,20260906
200903639,20260831
200900812,20260905
200899716,20260831
200904023,20260902
200910048,20260913
200901424,20260831
200905908,20260906
200898704,20260831
200910747,20260930
200908475,20260912
200905179,20260907
200909518,20260930
200906002,20260831
200906134,20260910
200887754,20260831
200889749,20260831
200903864,20260903
200901637,20260831
200893201,20260831
200908121,20260911
200899848,20260831
200906100,20260905
200907973,20260930
200910630,20260930
200909979,20260911
200894958,20260831
200903190,20260906
200856593,20260831
200909157,20260831
200910630,20260930
200901050,20260901
200910181,20260913
200906193,20260905
200903976,20260831
200899863,20260831
200900976,20260904
200899316,20260831
200909252,20260910
200893420,20260831
200895520,20260831
200906258,20260905
200893215,20260831
200905175,20260905
200910294,20260913
200903510,20260907
200910139,20260915
200856576,20260901
200908499,20260912
200903799,20260911
200893151,20260831
200899718,20260831
200903190,20260906
200899254,20260903
200893817,20260904
200892892,20260831
200910236,20260909
200898745,20260831
200906306,20260921
200909560,20260912
200909154,20260915
200904991,20260907
200902908,20261031
200898009,20260831
200908125,20260915
200902059,20260902
200898804,20260904
200897698,20260831
200901002,20260831
200909385,20260908
200910039,20260926
200897703,20260914
200906185,20260910
200908160,20260905
200842652,20260910
200907503,20260910
200896666,20260831
200907745,20260930
200910235,20260914
200898496,20260831
200907815,20260831
200907850,20260831
200904702,20260907
200907396,20260910
200910117,20260905
200899062,20260831
200906568,20260831
200908609,20260915
200907754,20260930
200907354,20260904
200897832,20260831
200887846,20260831
200909033,20260915
200902984,20260831
200897212,20260831
200902807,20260912
200906916,20260831
200910573,20260924
200909563,20260915
200900047,20260831
200907260,20260911
200909257,20260909
200907203,20260908
200902807,20260912
200905921,20260904
200906671,20261230
200910546,20260913
200902271,20260831
200904781,20260915
200908949,20260905
200910181,20260913
200901703,20260831
200903512,20260905
200895128,20260831
200898008,20260921
200906211,20260831
200910461,20260831
200907019,20260831
200907117,20260831
200908954,20260915
200903891,20260904
200904759,20260831
200908347,20260907
200906435,20260831
200909083,20260831
200907419,20261001
200791181,20260831
200910423,20260910
200905679,20260908
200907632,20260911
200905262,20260831
200899062,20260831
200903461,20260903
200907202,20260831
200907625,20260831
200909034,20260908
200898882,20260902
200904510,20260903
200909033,20260915
200903956,20260831
200909308,20260911
200898079,20260831
200889496,20260901
200909476,20260831
200898123,20260831
200906686,20260914
200906568,20260831
200903174,20260905
200898003,20260921
200900217,20260831
200907979,20260831
200908132,20260910
200903976,20260831
200895485,20260907
200901050,20260901
200729336,20261030
200901685,20260831
200899118,20260923
200884054,20260831
200910596,20260930
200898125,20260831
200907810,20260912
200386276,20260913
200909868,20260913
200904176,20260930
200908801,20260908
200901685,20260831
200903764,20260915
200906187,20260831
200908910,20260916
200903254,20260902
200908166,20260921
200910139,20260915
200901604,20260901
200908163,20260831
200902679,20260905
200909422,20260911
200908991,20260901
200898842,20260831
200821533,20260904
200908304,20260902
200900393,20260901
200902000,20260905
200909934,20260905
200683564,20260831
200901247,20260831
200902521,20260902
200895281,20261014
200900687,20260901
200879276,20260904
200904193,20260903
200896688,20260831
200624485,20260930
200910473,20260831
200906099,20260930
200899479,20260831
200907947,20260907
200896322,20260904
200902759,20260901
200901730,20260904
200903007,20260902
200906363,20260910
200908944,20260930
200842652,20260910
200902405,20260831
200908564,20260912
200909604,20260905
200908538,20260909
200908576,20260912
200906987,20261030
200900849,20260904
200899961,20260831
200904437,20260831
200893158,20260831
200821300,20260831
200897994,20260831
200895647,20260831
200904486,20260907
200910460,20260909
200908125,20260915
200904508,20260831
200901649,20260831
200904775,20260903
200881820,20260930
200906272,20260831
200903576,20260831
200898264,20260831
200897411,20260831
200842966,20260902
200905273,20260903
200904685,20260905
200905697,20260908
200905288,20260831
200874456,20260831
200906977,20260831
200905882,20260930
200902656,20260905
200904907,20260904
200907324,20260911
200901565,20260901
200906099,20260930
200886517,20260831
200889658,20260831
200905214,20260905
14344157,20260930
200907667,20260911
200909233,20260910
200869389,20260831
200892032,20260905
200910321,20260919
200907992,20260912
200902705,20260904
200909280,20260831
200900804,20260904
200904508,20260831
200907466,20260831
200906215,20260910
200905028,20260904
200897661,20260831
200898682,20260831
200906440,20260831
200909987,20260914
200893786,20260831
200900844,20260831
200906332,20260906
200896501,20260831
200899067,20260930
200904119,20260901
200904119,20260901
200902104,20260831
200902281,20260905
200909813,20260913
200901057,20260904
200905807,20260908
200900099,20260904
200883429,20260831
200903809,20260906
200906277,20260906
200905214,20260905
200905882,20260930
200893494,20260831
200907925,20260911
200891228,20260905
200885860,20260930
200906715,20260910
200909726,20261031
200910426,20260912
200903589,20260906
200909023,20260915
200901430,20260904
200905734,20260904
200910270,20260913
200907562,20260831
200909725,20261031
200908737,20260831
200682655,20260831
200900716,20260910
200905060,20260831
200906280,20260831
200903300,20260831
200898667,20260831
200904963,20260905
200911714,20260930
200906580,20260902
200905322,20260903
200900435,20260911
200892148,20260831
200899676,20260831
200889658,20260831
200911631,20260914
200910532,20260914
200910320,20260912
200910921,20260831
200765229,20260928
200905240,20260831
200911645,20261003
200909769,20260905
200910904,20260930
200799547,20260912
200908766,20260910
200910977,20260905
200905822,20260908
200900660,20260904
200910460,20260909
200910932,20260906
200911417,20261001
200905844,20260831
200750855,20260930
200909790,20260913
200911105,20260904
200908031,20260910
200878933,20260831
200908731,20260905
200906883,20260831
200907718,20260910
200911491,20260910
200906623,20260910
200905963,20260908
200907306,20260902
200908290,20260911
200904875,20261130
200905807,20260908
200910672,20261020
200904794,20261007
200897746,20260831
200672362,20261130
200910109,20261031
200905727,20260831
200879522,20260831
200499994,20260902
200900959,20260905
200901815,20260831
200690242,20261028
200880597,20260915
200902526,20260902
200901943,20260908
200905674,20260904
200906324,20260831
200906902,20260910
200911192,20261020
200910163,20260910
200898248,20260831
200906277,20260906
200901128,20260903
200904247,20260906
200897994,20260831
200887355,20260831
200907663,20260905
200898611,20260901
200885890,20260901
200902229,20260905
200874811,20260831
200894251,20260930
200778038,20260831
200903413,20260906
200895078,20260831
200907718,20260910
200903155,20260905
200907591,20260911
200899501,20260831
200909182,20260831
200891360,20260831
200909525,20260911
200892114,20260901
200906635,20260910
200910276,20260831
200911384,20260914
200899988,20260907
200909750,20260912
200889958,20260904
200909212,20260912
200883810,20260910
200904377,20260831
200898354,20260930
200910102,20260913
200898475,20260831
200889700,20260831
200894290,20260831
200622083,20260911
200905716,20260831
200905491,20260930
200900510,20260831
200714734,20260905
200910959,20260910
200899003,20260831
200876777,20260831
200896168,20260901
200910628,20260913
200890069,20260831
200910310,20260909
200906082,20260831
200904276,20260906
200903477,20260831
200910062,20260913
200904492,20260907
200901178,20260904
200905225,20260930
200911031,20260930
200894077,20260831
200910383,20260831
200889658,20260831
200911339,20260910
200911538,20260904
200911671,20260914
200910601,20260913
200894034,20260831
200908870,20260911
200911763,20260930
200903387,20260906
200888826,20260831
200910432,20260909
200910983,20260930
200910403,20260909
200901285,20260831
200900581,20260831
200905095,20261018
200911034,20260910
200904905,20260904
200909505,20260911
200624485,20260930
200902889,20260831
200880590,20260915
200908699,20260831
200908340,20260911
200910983,20260930
200908125,20260915
200908223,20260911
200877114,20260831
200866711,20260831
200901216,20260831
200879522,20260831
200268523,20261231
200877395,20260915
200879276,20260904
200888066,20260831
200901063,20260905
200904710,20260831
200908705,20260910
200904882,20260911
200910479,20260909
200889108,20260831
200911531,20260914
200891095,20260905
200900374,20260904
200897497,20260831
200907792,20260912
200887105,20260831
200905336,20260903
200909982,20260831
200901128,20260903
200907706,20260831
200904228,20260905
200903552,20260905
200899424,20260904
200907888,20260915
200896688,20260831
200899926,20260903
200909027,20260831
200908944,20260930
200899737,20260831
200911455,20260904
200909437,20260906
200910939,20260910
200872828,20260902
200901595,20260901
200911472,20260914
200905756,20260909
200902669,20260902
200268523,20261231
200897332,20260904
200907308,20260831
200911721,20260930
200903576,20260831
200900717,20260901
200898260,20260831
200898203,20260831
200907416,20260831
200903576,20260831
200909154,20260915
200889108,20260831
200905072,20260908
200907925,20260911
200908010,20260910
200911712,20260930
200900341,20260905
200901113,20260902
200905642,20260907
200904437,20260831
200907947,20260907
200900552,20260905
200898676,20260831
200849094,20260831
200904977,20260831
200901044,20260831
200904757,20260831
200906242,20260905
200904649,20261030
200911124,20260909
200911472,20260914
200903441,20260903
200909768,20261031
200893016,20260831
200911118,20260910
200908000,20260910
200908053,20260908
200909821,20260831
200856576,20260901
200890069,20260831
200910074,20260913
200885028,20260904
200911392,20260831
200898083,20260831
200903550,20260831
200909447,20260905
200902277,20260831
200894270,20260831
200911642,20260905
200899307,20260915
200910931,20260905
200910522,20260909
200909651,20260910
200856576,20260901
200908121,20260911
200907834,20260915
200901815,20260831
200910893,20260910
200909416,20260908
200910576,20260905
200908250,20260930
200889508,20260901
200898733,20260912
200911332,20260914
200907542,20260910
200909795,20260915
200906574,20260911
200910860,20260921
200899052,20260831
200897633,20260930
200882646,20260915
200886853,20260831
200910145,20260910
200907666,20260930
200903041,20260906
200909457,20260915
200911413,20260910
200905844,20260831
200910430,20260910
200905674,20260904
200901920,20260905
200900071,20260831
200905493,20260910
200902608,20260902
200909775,20260905
200910150,20260912
200904997,20260902
200908841,20260912
200907146,20260910
200906321,20260906
200911422,20260930
200907015,20260908
200909600,20260912
200911076,20260831
200908632,20260930
200909529,20260912
200906113,20260912
200905204,20260907
200782747,20260831
200890807,20260831
200911137,20260831
200898231,20260831
200911681,20260911
200904877,20260903
200910450,20260905
200910544,20260913
200900448,20261231
200902797,20260902
200904766,20260904
200910908,20260915
200910843,20260910
200908165,20260911
200909288,20260911
200903799,20260911
200905546,20260905
200902141,20260831
200908792,20260831
200906084,20260831
200908869,20260911
200904882,20260911
200898991,20260831
200904759,20260831
200903885,20260904
200907962,20260912
200906798,20260910
200898647,20260831
200902805,20260904
200909959,20260910
200910907,20260831
200889600,20260831
200910109,20261031
200910039,20260926
200865220,20260913
200890807,20260831
200905071,20260905
200903611,20260906
200910524,20260916
200894752,20260831
200909055,20260921
200901841,20260831
200910083,20260913
200908430,20260906
200890069,20260831
200911030,20260904
200900448,20261231
200910044,20260912
200908845,20260905
200906334,20260831
200907337,20260910
200904881,20260831
200898089,20260831
200901689,20260907
200905130,20260907
200905720,20260905
200908470,20261031
200885890,20260901
200885576,20260911
200865246,20260913
200906644,20260831
200860867,20260930
200898083,20260831
200855195,20260831
200910441,20260905
200905315,20260904
200897212,20260831
200896474,20260831
200905389,20260910
200901254,20260831
200893563,20260915
200906039,20260831
200878389,20260831
200911443,20260910
200900617,20260831
200910633,20260831
200893410,20260904
200907245,20260905
200907745,20260930
200907199,20260908
200905114,20260831
200909049,20260831
200909033,20260915
200908642,20260910
200909062,20260904
200900483,20260904
200904912,20260907
200909912,20260913
200907656,20260911
200911775,20260831
200900143,20260831
200901285,20260831
200886137,20260912
200911121,20260914
200910301,20260913
200910447,20260915
200896474,20260831
200908870,20260911
200782661,20260915
200911068,20260930
200909304,20260912
200882141,20260831
200910233,20260910
200909245,20260910
200906631,20260831
200910581,20260908
200907638,20260908
200911484,20260918
200906180,20260907
200910134,20260930
200880597,20260915
200901825,20260905
200883700,20260904
200901825,20260905
200900680,20260831
200672362,20261130
200909355,20260901
200899716,20260831
200894748,20260831
200907663,20260905
200905984,20260909
200902991,20260903
200904277,20260831
200907718,20260910
200900287,20260901
200909770,20260930
200908852,20260905
200908627,20260831
200905227,20260904
200907912,20261014
200386276,20260913
200911233,20260911
200897330,20260831
200905517,20260904
200902104,20260831
200911472,20260914
200911417,20261001
200905686,20260905
200889441,20260901
200890597,20260831
200902515,20260831
200910665,20260831
200860867,20260930
200907231,20260831
200902016,20260831
200854706,20260831
200905283,20260905
200904629,20260905
200894958,20260831
200891036,20260831
200897529,20260831
200893087,20260930
200898003,20260921
200909308,20260911
200895915,20260831
200910304,20260909
200899718,20260831
200900485,20260901
200912081,20260928
200910422,20260912
200902669,20260902
200894003,20260831
200905595,20260908
200517110,20260831
200909727,20260913
200911351,20260831
200898495,20260903
200891468,20260831
200909796,20260913
200911882,20260914
200896286,20260930
200911031,20260930
200911760,20260831
200898083,20260831
200897342,20260831
200911556,20260930
200903552,20260905
200899746,20260831
200659543,20260913
200907354,20260904
200907203,20260908
200908978,20260905
200901649,20260831
200910632,20260910
200911033,20260904
200905681,20260905
200894905,20260831
200910302,20260910
200906425,20260910
200911539,20261020
200899459,20260831
200876453,20260914
200905262,20260831
200895504,20260831
200900836,20260831
200709647,20260930
200902473,20260831
200909288,20260911
200904026,20260831
200904063,20260831
200909220,20260913
200909146,20260905
200909712,20260911
200902759,20260901
200894684,20260831
200900633,20260905
200906218,20260831
200910882,20260910
200866711,20260831
200886607,20260909
200907758,20260911
200910876,20260831
200894419,20260831
200911068,20260930
200903046,20260902
200894903,20260831
200900548,20260904
200903825,20260907
200898842,20260831
200907888,20260915
200897702,20260831
200902229,20260905
200910139,20260915
200902424,20260901
200856144,20261230
200907542,20260910
200909549,20260912
200908038,20260831
200911944,20260916
200910854,20260915
200903723,20260904
200781497,20260912
200907294,20260831
200909149,20260910
200883810,20260910
200903477,20260831
200910429,20260905
200827677,20260913
200900421,20260831
200903248,20260831
200908454,20260902
200905072,20260908
200904139,20260904
200909252,20260910
200907679,20260930
200908998,20260911
200869389,20260831
200877395,20260915
200904125,20260906
200912146,20260911
200908499,20260912
200906082,20260831
200904705,20260831
200909771,20260903
200900896,20260831
200847649,20260915
200906140,20260910
200911339,20260910
200911228,20260831
200894086,20260831
200904247,20260906
200911073,20260915
200904502,20260831
200908601,20260915
200898013,20260922
200902705,20260904
200905345,20260831
200905178,20260930
200891306,20260831
200909368,20260905
14344157,20260930
200885457,20260831
200910878,20260915
200902390,20260905
200911341,20260910
200908122,20261030
200905126,20260930
200911947,20260916
200901063,20260905
200895553,20260831
200912038,20260906
200887901,20260831
200902074,20260901
200900047,20260831
200904507,20260831
200906328,20260831
200895385,20260831
200900062,20260905
200886184,20260831
200898294,20260930
200903611,20260906
200907324,20260911
200906412,20260904
200908657,20260905
200734056,20260831
200908846,20260910
200902341,20260909
200911186,20260910
200899347,20260831
200910175,20260906
200900660,20260904
200729018,20260831
200882148,20260831
200905127,20260907
200898611,20260901
200909138,20260908
200908731,20260905
200900816,20260831
200872221,20261001
200909476,20260831
200908292,20260910
200905006,20260915
200893151,20260831
200893968,20260831
200887052,20260907
200893200,20260831
200907727,20260907
200881487,20260831
200901216,20260831
200900543,20260831
200909573,20260901
200892170,20260831
200910748,20260915
200887027,20260831
200900315,20260904
200902805,20260904
200911501,20260910
200907219,20260831
200911545,20260929
200893247,20260831
200848635,20260910
200465843,20260914
200899790,20260831
200910388,20260918
200893410,20260904
200910275,20260831
200911936,20260915
200904277,20260831
200909280,20260831
200910109,20261031
200902709,20260930
200902848,20260905
200907672,20260911
200904778,20260903
200906409,20260921
200911539,20261020
200907925,20260911
200910383,20260831
200888826,20260831
200894276,20260831
200910768,20260912
200887437,20260831
200907672,20260911
200904882,20260911
200900665,20260831
200912285,20260905
200894086,20260831
200899790,20260831
200911721,20260930
200906272,20260831
200911968,20261010
200887355,20260831
200891228,20260905
200891270,20260905
200903589,20260906
200902656,20260905
200905392,20260831
200907947,20260907
200902229,20260905
200910941,20260914
200911150,20260914
200911949,20260915
200906222,20260906
200902840,20260904
200268523,20261231
200911530,20260915
200906332,20260906
200903294,20260903
200905237,20260903
200905852,20260908
200904289,20260906
200905072,20260908
200906884,20260910
200909724,20261031
200900099,20260907
200903576,20260831
200905697,20260908
200907667,20260911
200908292,20260910
200909154,20260915
200903571,20260831
200912272,20260915
200909151,20260910
200911384,20260914
200910205,20260913
200903752,20260831
200892795,20260831
200910527,20260913
200896590,20260831
200901184,20260904
200904802,20260907
200890894,20260916
200906125,20260901
200904156,20260902
200844800,20260831
200903413,20260906
200911158,20260914
200897330,20260831
200900214,20260831
200910242,20260910
200906895,20260909
200900124,20260831
200903799,20260911
200904846,20260904
200672362,20261130
200887027,20260831
200909727,20260913
200911461,20260914
200908954,20260915
200910630,20260930
200905317,20260908
200909442,20260911
200909551,20260905
200909385,20260908
200912108,20260905
200898638,20260831
200893420,20260831
200910587,20260930
200897676,20260831
200903976,20260831
200905957,20260907
200910115,20260831
200909277,20260916
200897679,20260831
200912136,20260905
200895504,20260831
200898982,20260831
200896568,20260831
200902515,20260831
200901050,20260901
200907255,20260911
200910496,20260909
200910392,20260910
200908642,20260910
200906686,20260914
200911678,20260831
200907503,20260910
200910186,20260910
200911118,20260910
200908801,20260908
200912227,20260831
200852246,20260831
200910349,20260909
200905549,20260908
200908958,20260912
200902871,20260831
200901138,20260831
200905686,20260905
200906631,20260831
200905498,20260903
200908766,20260910
200900680,20260831
200911751,20260831
200898696,20260831
200907192,20260930
200909027,20260831
200905740,20260904
200909138,20260908
200854667,20260831
200898003,20260921
200850777,20260930
200909182,20260831
200899586,20260914
200902054,20260901
200907656,20260911
200901827,20260904
200908699,20260831
200902061,20260904
200909238,20261001
200910261,20260913
200885457,20260831
200905328,20260831
200910449,20260905
200909081,20260916
200898949,20260831
200890815,20260831
200907999,20260910
200907275,20260930
200898842,20260831
200893200,20260831
200899216,20260831
200894752,20260831
200865246,20260913
200889247,20260831
200901534,20260904
200911530,20260915
200899949,20260831
200857935,20260914
200905716,20260831
200902273,20260910
200905799,20260831
200898965,20261030
200909750,20260912
200912163,20260910
200907218,20260831
200911161,20260911
200901285,20260831
200909774,20260910
200909000,20260905
200902008,20260905
200876089,20260831
200903353,20260906
200907790,20260910
200910750,20260915
200882646,20260915
200906766,20260909
200906225,20260930
200893869,20260914
200903833,20260831
200904383,20260906
200832401,20260930
200897357,20260831
200906798,20260910
200906100,20260905
200910637,20260905
200906786,20260910
200909105,20260912
200910447,20260915
200905123,20260904
200903825,20260907
200910027,20260930
200904337,20260906
200903512,20260905
200910628,20260913
200897342,20260831
200909601,20260912
200904649,20261030
200909821,20260831
200890074,20260831
200911391,20260831
200905559,20260904
200903234,20260905
200910607,20260930
200866871,20260905
200886853,20260831
200907331,20260911
200899316,20260831
200906101,20260910
200905517,20260904
200898013,20260922
200903825,20260907
200911483,20260910
200907234,20260907
200911167,20260930
200903353,20260906
200869362,20260831
200906242,20260905
200909039,20260920
200909263,20260912
200911168,20260913
200904679,20260907
200906039,20260831
200901458,20260905
200905178,20260930
200911301,20260909
200895385,20260831
200906427,20260910
200866775,20260912
200903553,20260930
200904096,20260903
200911519,20260904
200889441,20260901
200905123,20260904
200893215,20260831
200883565,20260831
200900151,20260831
200909518,20260930
200905857,20260831
200909219,20260930
200900047,20260831
200909157,20260831
200891572,20260831
200910293,20260913
200904985,20260907
200911175,20260914
200901215,20260831
200672362,20261130
200903512,20260905
200911734,20260911
200909476,20260831
200909278,20260912
200897676,20260831
200836263,20261231
200903380,20260901
200911030,20260904
200906686,20260914
200905549,20260908
200911533,20260904
200901599,20260901
200903254,20260902
200912266,20260915
200838886,20260908
200904155,20260904
200902821,20260903
200902271,20260831
200908560,20260831
200907206,20260911
200910186,20260910
200901485,20260905
200910048,20260913
200911255,20260910
200903646,20260831
200901825,20260905
200912194,20260925
200911880,20260831
200897701,20260831
200887846,20260831
200903326,20260903
200897021,20260831
200858282,20260831
200898305,20260901
200900510,20260831
200910452,20260909
200911659,20261020
200907881,20260930
200908737,20260831
200906746,20260908
200905374,20260921
200910180,20260910
200905190,20260831
200910917,20260914
200899999,20260907
200905072,20260908
200901247,20260831
200878270,20260831
200902833,20260905
200906884,20260910
200900353,20260901
200906409,20260921
200911091,20260914
200911550,20260911
200883429,20260831
200888826,20260831
200906883,20260831
200905326,20260903
200910383,20260831
200910004,20260831
200826024,20260915
200903439,20260914
200893786,20260831
200909023,20260915
200910459,20260909
200862228,20261130
200908078,20260905
200911037,20260910
200901896,20261008
200904289,20260906
200907591,20260911
200907308,20260831
200901649,20260831
200911538,20260904
200900126,20260903
200892170,20260831
200909212,20260912
200906638,20260907
200905822,20260908
200908004,20260930
200904437,20260831
200907935,20260831
200875308,20260901
200909757,20260909
200901003,20260930
200886607,20260909
200911545,20260929
200911417,20261001
200901063,20260905
200898423,20260901
200905060,20260831
200899988,20260907
200898303,20260901
200898549,20261030
200903330,20260905
200909812,20260913
200900624,20260831
200913021,20260930
200881746,20260831
200499994,20260902
200868438,20260831
200903294,20260903
200907416,20260831
200911649,20260912
200468955,20260831
200900374,20260904
200907204,20260907
200901176,20260904
200891228,20260905
200905642,20260907
200909725,20261031
200911814,20260910
200899902,20260831
200910459,20260909
200904775,20260903
200907667,20260911
200906715,20260910
200910876,20260831
200900266,20260831
200910349,20260909
200912504,20261130
200913089,20260916
200904492,20260907
200894077,20260831
200901565,20260901
200913508,20260902
200900808,20260904
200900214,20260831
200907027,20260831
200893497,20260831
200900321,20260904
200913081,20260923
200912890,20260921
200907308,20260831
200904289,20260906
200892789,20260831
200878270,20260831
200902281,20260905
200913399,20260831
200911968,20261010
200892114,20260901
200906947,20260910
200907718,20260910
200905279,20260831
200908272,20260921
200909233,20260910
200901486,20260831
200900340,20260904
200905060,20260831
200905172,20261130
200902229,20260905
200908340,20260911
200721957,20260911
200906651,20260930
200911459,20260904
200896591,20260831
200905822,20260908
200904225,20260903
200904702,20260907
200905326,20260903
200906657,20260930
200907820,20260916
200907354,20260904
200905756,20260909
200912279,20260915
200904802,20260907
200897453,20260831
200882957,20261231
200906902,20260910
200911192,20261020
200901928,20260902
200912160,20260915
200908542,20260930
200594457,20260831
200907976,20260910
200908952,20260905
200913457,20260831
200911949,20260915
200905026,20260903
200913279,20260930
200900537,20260831
200910293,20260913
200909573,20260901
200912286,20260930
200903646,20260831
200897749,20260831
200892715,20260930
200913314,20260918
200826460,20260916
200906184,20260831
200912551,20260917
200898532,20260901
200842652,20260910
200909168,20260910
200909033,20260915
200899863,20260831
200912266,20260915
200895385,20260831
200906574,20260911
200898965,20261030
200913122,20260905
200907419,20261001
200904232,20260902
200907599,20260831
200909476,20260831
200832401,20260930
200897529,20260831
200889254,20260831
200910108,20260913
200911692,20260910
200904759,20260831
200905730,20260904
200912782,20260903
200898638,20260831
200906220,20260910
200911403,20260914
200913087,20260901
200904931,20260908
200912992,20260915
200901485,20260905
200912717,20260915
200906002,20260831
200906427,20260910
200909368,20260905
200894752,20260831
200912503,20260924
200910461,20260831
200905799,20260831
200862633,20260831
200894684,20260831
200897698,20260831
200909308,20260911
200911175,20260914
200905831,20260831
200910472,20260913
200912985,20260914
200908601,20260915
200909146,20260905
200902941,20260905
200912194,20260925
200899902,20260831
200907973,20260930
200909789,20260910
200910302,20260910
200907142,20260831
200898008,20260921
200906732,20260831
200905262,20260831
200899626,20260930
200904069,20260831
200904392,20260831
200909126,20260908
200904662,20260907
200894899,20260831
200910963,20260910
200911501,20260910
200908121,20260911
200909304,20260912
200893701,20260831
200904779,20260831
200905114,20260831
200914336,20260831
200810824,20261231
200912880,20261031
200901826,20260904
200908841,20260912
200906956,20260831
200908752,20261231
200911734,20260911
200912960,20260921
200912038,20260906
200912421,20260930
200910163,20260910
200903186,20260831
200910047,20260913
200905646,20260908
200903343,20260903
200914138,20260905
200912932,20260913
200914247,20260909
200897663,20260915
200912622,20260913
200913902,20260920
200907638,20260908
200892697,20260831
200902669,20260902
200911194,20260831
200912391,20260905
200911443,20260910
200914506,20260914
200913806,20260930
200903885,20260904
200897702,20260831
200909966,20260831
200913180,20260917
200909234,20260923
200913898,20260923
200914671,20260831
200913558,20260910
200904012,20260905
200914734,20260918
200912412,20260930
200804845,20260831
200904148,20260903
200912355,20260831
200839421,20260831
200901251,20260831
200899586,20260911
200900900,20260831
200913552,20260831
200911972,20260915
200910104,20260831
200905911,20261001
200900362,20260914
200909775,20260905
200898089,20260831
200897812,20260831
200899893,20260905
200800492,20260909
200914210,20260914
200908592,20260930
200913899,20260914
200905416,20260831
200914322,20260831
200859803,20260914
200911782,20260831
200906320,20260831
200908642,20260910
200899347,20260831
200911854,20260917
200913988,20260918
200895612,20260831
200913816,20260831
200903459,20260903
200912949,20260915
200901920,20260905
200914077,20260914
200897506,20260910
200913845,20260903
200911134,20260911
200908842,20260921
200909850,20260913
200914075,20260930
200905072,20260908
200905279,20260831
200891036,20260831
200912950,20260918
200912129,20260917
200900424,20260831
200465843,20260914
200907466,20260831
200903326,20260903
200902519,20260906
200904443,20260831
200904905,20260904
200905025,20260903
200910063,20260831
200905508,20260831
200907996,20260912
200905227,20260904
200905221,20260930
200912659,20260914
200905852,20260908
200912830,20260915
200904492,20260907
200910457,20260909
200907925,20260911
200900665,20260831
200904705,20260831
200905513,20261128
200909712,20260911
200907820,20260916
200900809,20260904
200908564,20260912
200909024,20260915
200903809,20260906
200893497,20260831
200905822,20260908
200900786,20260904
200905322,20260903
200914234,20260901
200911129,20260831
200912711,20260930
200896590,20260831
200889658,20260831
200903380,20260901
200904794,20261007
200914288,20260918
200893786,20260831
200914619,20260910
200838410,20260831
200907159,20260910
200911649,20260912
200914679,20260911
200897453,20260831
200901911,20260904
200913134,20260914
200850925,20260901
200898380,20260831
200906942,20260911
200909437,20260906
200903679,20260831
200911539,20261020
200890473,20260902
200899003,20260831
200901201,20260831
200913089,20260916
200905108,20260910
200594457,20260831
200907388,20260912
200899339,20260915
200890894,20260916
200907354,20260904
200850926,20260901
200908272,20260921
200910349,20260909
200818783,20260930
200890096,20260930
200912279,20260915
200887196,20260918
200912973,20260930
200885860,20260930
200912239,20260915
200908551,20260912
200910310,20260909
200911965,20260919
200834983,20260831
200911721,20260930
200913074,20260926
200906933,20260910
200905392,20260831
200903300,20260831
200907888,20260915
200899991,20260903
200901115,20260831
200907489,20260831
200913930,20260905
200904125,20260906
200899079,20260902
200910180,20260910
200913533,20260902
200911965,20260919
200872820,20260910
200903380,20260901
200909769,20260905
200904225,20260903
200911384,20260914
200897330,20260831
200912863,20260905
200798905,20260908
200907925,20260911
200912239,20260915
200900816,20260831
200900427,20260831
200905327,20260831
200907027,20260831
200905225,20260930
200884462,20260930
200907373,20260911
200907470,20260831
200905231,20260904
200910407,20260909
200900581,20260831
200904702,20260907
200902876,20260901
200901730,20260904
200909812,20260913
200844221,20260929
200914871,20260919
200914794,20260918
200914502,20260918
200906111,20260905
200896164,20260911
200912298,20260915
200894748,20260831
200884015,20260911
200905746,20261031
200891095,20260905
200909178,20260920
200911022,20260916
200906215,20260910
200905374,20260921
200911330,20260914
200907976,20260910
200907028,20260831
200912276,20260913
200904882,20260911
200916118,20260930
200915151,20260914
200913457,20260831
200897453,20260831
200904705,20260831
200910302,20260910
200903007,20260902
200898380,20260831
200906146,20260911
200866711,20260831
200903155,20260905
200906638,20260907
200916155,20260915
200841405,20260913
200907863,20270810
200911174,20261020
200910473,20260831
200903046,20260902
200807132,20260930
200900320,20260831
200905400,20260904
200910910,20260905
200899157,20260903
200902390,20260905
200914995,20260902
200904505,20260905
200901145,20260831
200901634,20260904
200887864,20260917
200908542,20260930
200848935,20260930
200914269,20260906
200915378,20260930
200899501,20260831
200905882,20260930
200900836,20260831
200881746,20260831
200914981,20260920
200826024,20260915
200904377,20260831
200900844,20260831
200909769,20260905
200904289,20260906
200907792,20260912
200766497,20260903
200904156,20260902
200910403,20260909
200913089,20260916
200907881,20260930
200910004,20260831
200849094,20260831
200909349,20260831
200900099,20260914
200907562,20260831
200758306,20260902
200914776,20260905
200882082,20260913
200914224,20260905
200912275,20260915
200878270,20260831
200911384,20260914
200905214,20260905
200910479,20260909
200763812,20260918
200913930,20260905
200896177,20260912
200900140,20260903
200907667,20260911
200899902,20260831
200900624,20260831
200912890,20260921
200893158,20260831
200915308,20260919
200624485,20260930
200906933,20260910
200902041,20260904
200913740,20260918
200913518,20260902
200909724,20261031
200913081,20260923
200666717,20260921
200798905,20260908
200910882,20260910
200902924,20260901
200912672,20260915
200913023,20260917
200892789,20260831
200914075,20260930
200907570,20260911
200899297,20260831
200914257,20260915
200905245,20260831
200268523,20261231
200905273,20260903
200901257,20261003
200901145,20260831
200905361,20260907
200913982,20260905
200915873,20260930
200887859,20260917
200910568,20260913
200314057,20260905
200914708,20260915
200909593,20260912
200915004,20260901
200846396,20260831
200911244,20260831
200909793,20260831
200915649,20261031
200914665,20260901
200900953,20260901
200913946,20260918
200910859,20260915
200905095,20261018
200913175,20260930
200907383,20260911
200840329,20260920
200898423,20260901
200902876,20260901
200915721,20260904
200914269,20260906
200915508,20260831
200902670,20260905
200914795,20260930
200917321,20260920
200906905,20260831
200915924,20260917
200904673,20260831
200908205,20260911
200909776,20260831
200895761,20260831
200852989,20260921
200911034,20260910
200911134,20260911
200909103,20260908
200859382,20260831
200905282,20260903
200892432,20260831
200916292,20260919
200916189,20260919
200909059,20260915
200908550,20260910
200901260,20260831
200916138,20260918
200893001,20260831
200908314,20260905
200916316,20261031
200911064,20260916
200892483,20260831
200916055,20260929
200821615,20260920
200914974,20260905
200916760,20260918
200915885,20260906
200899347,20260831
200914056,20260901
200905498,20260903
200914598,20260911
200916289,20260930
200906084,20260831
200913453,20260913
200903459,20260903
200885417,20260919
200907103,20260831
200901937,20260901
200911461,20260914
200898647,20260831
100219297,20260831
200914193,20260930
200906297,20260904
200911700,20260905
200914885,20260930
200917067,20260918
200910584,20260919
200914547,20260914
200916016,20260917
200905716,20260831
200905283,20260905
200909696,20260930
200909838,20260909
200908592,20260930
200901328,20260930
200902515,20260831
200885890,20260901
200900875,20260902
200915783,20260916
200911392,20260831
200915407,20260915
200858338,20260915
200904239,20260906
200910297,20260926
200916414,20260831
200904387,20260831
200915687,20260921
200905499,20260905
200716608,20260831
200916820,20260916
200916125,20260915
200898982,20260831
200916713,20261030
200907259,20260930
200916522,20260920
200860204,20261230
200903533,20260831
200904383,20260906
200902849,20260831
200914739,20261022
200907958,20260831
200914508,20260930
200913384,20260915
200889692,20260831
200905681,20260905
200910314,20260915
200911917,20260930
200899334,20260831
200916083,20261019
200916672,20260917
200915517,20260901
200914332,20260915
200907834,20260915
200910354,20260911
200916846,20260920
200912410,20260916
200915507,20260916
200912222,20260930
200903864,20260903
200916969,20260912
200916072,20260918
200902646,20260902
200916395,20260916
200898804,20260911
200908429,20260906
200913165,20260919
200906968,20260904
200902468,20260903
200898151,20260831
200916158,20260919
200913959,20260919
200913113,20260905
200917102,20260905
200908287,20260930
200911963,20260910
200901827,20260904
200915442,20260930
200902390,20260905
200894899,20260831
200900177,20260831
200917017,20260920
200915010,20260915
200899270,20260831
200915299,20260831
200911441,20260930
200916993,20260926
200905262,20260831
200913775,20260918
200906186,20260831
200903639,20260831
200907255,20260911
200904392,20260831
200917081,20260921
200871985,20260831
200909252,20260910
200916026,20260904
200915499,20260919
200904990,20260903
200916371,20260905
200866871,20260905
200904679,20260907
200910662,20260831
200898965,20261030
200906206,20260831
200902807,20260912
200910391,20260910
200905003,20260903
200904595,20260905
200900621,20260902
200897212,20260831
200909067,20260831
200910630,20260930
200886442,20260923
200913122,20260905
200911424,20260915
200909896,20260913
200899321,20260831
200914245,20260915
200914006,20260930
200909422,20260911
200894905,20260831
200912136,20260905
200897597,20260831
200912575,20260904
200895385,20260831
200916050,20260919
200916376,20260905
200903728,20260907
200914738,20260917
200913475,20260917
200908132,20260910
200909447,20260905
200916666,20260930
200473414,20260831
200914023,20260919
200911530,20260915
200909399,20260910
200902341,20260909
200905860,20260905
200908954,20260915
200912562,20260916
200906039,20260831
200912596,20260915
200914249,20260918
200907718,20260910
200907260,20260911
200907489,20260831
200916191,20261020
200912648,20260917
200913588,20260915
200906676,20260910
200905047,20260905
200909129,20260831
200913256,20260915
200918315,20260930
200914713,20260905
200914516,20260831
200910354,20260911
200901599,20260901
200912078,20260905
200916078,20260918
200915800,20260915
200800339,20260906
200913459,20260831
200906032,20260831
200910662,20260831
200874723,20260914
200915751,20260831
200905864,20260831
200918202,20260925
200810659,20260906
200911734,20260911
200912996,20260910
200918182,20260915
200905375,20260904
200905861,20260831
200899932,20260901
200908055,20260908
200913819,20260905
200906644,20260831
200908528,20260905
200912701,20260831
200904662,20260907
200894419,20260831
200907591,20260911
200898388,20260831
200909889,20260915
200906895,20260909
200903144,20260902
200918357,20260831
200914420,20260918
200918019,20260921
200916969,20260912
200909714,20260914
200902380,20260901
200913510,20260913
200905799,20260831
200887831,20260916
200915330,20260914
200915442,20260930
200904985,20260907
200897341,20260831
200918053,20260930
200905694,20260905
200905726,20260904
200905740,20260904
200916168,20260915
200916843,20260905
200889003,20261003
200912270,20260915
200917503,20260920
200909476,20260831
200907396,20260908
200917781,20260918
200880935,20260831
200902361,20260901
200913129,20260905
200910461,20260831
200912136,20260905
200901825,20260905
200909545,20260910
200913875,20260915
200911587,20260910
200905375,20260904
200912991,20260914
200909896,20260913
200905179,20260907
200911370,20260919
200912673,20260918
200886345,20260915
200910186,20260910
200918176,20260930
200899819,20260831
200672362,20261130
200907694,20260910
200916072,20260918
200905959,20260910
200709647,20260930
200911947,20260916
200912108,20260905
200916331,20260831
200917371,20260929
200894748,20260831
200894693,20260831
200914671,20260831
200911171,20260915
200907625,20260831
200907247,20260831
200894899,20260831
200903907,20260912
200914420,20260918
200913256,20260915
200887831,20260916
200905358,20260904
200878389,20260910
200915507,20260916
200907656,20260911
200903353,20260906
200917723,20260918
200914466,20260922
200913904,20260926
200912922,20260910
200906697,20260910
200914023,20260919
200916242,20260831
200913530,20260917
200912784,20260914
200898388,20260831
200914475,20260922
200909014,20260916
200916307,20260920
200894419,20260831
200905674,20260904
200913314,20260918
200899626,20260930
200917418,20260915
200918575,20260920
200911809,20260930
200917679,20260917
200901685,20260831
200836263,20261231
200913807,20260909
200913176,20260915
200914387,20260905
200914713,20260905
200910302,20260910
200906968,20260904
200910141,20260831
200917919,20260921
200904679,20260917
200819611,20260930
200912563,20260914
200901485,20260915
200914287,20260930
200905982,20260909
200904702,20260907
200895652,20260831
200913301,20260915
200897662,20260831
200910391,20260910
200915232,20260910
200909062,20260911
200911681,20260911
200907973,20260930
200874980,20260930
200909422,20260911
200917597,20260918
200901709,20260930
200917561,20260921
200913279,20260930
200913926,20260918
200916042,20260930
200915897,20260915
200909696,20260930
200919157,20260831
200899241,20260831
200897506,20260910
200917215,20260922
200898199,20260831
200917709,20260920
200699135,20260920
200917464,20260920
200885861,20260930
200913051,20260831
200898982,20260831
200916289,20260930
200917269,20260906
200917195,20260916
200911341,20260910
200911678,20260831
200918702,20260930
200909179,20260919
200917565,20260921
200917159,20260906
200897633,20260930
200909551,20260905
200918104,20260921
200918295,20260910
200903183,20260831
200893176,20260930
200916130,20260918
200912546,20260831
200917095,20260930
200917406,20260906
200918668,20260930
200917861,20260921
200918458,20260921
200918972,20260921
200906580,20260902
200900306,20260930
200897357,20260831
200907608,20260907
200893971,20260928
200917321,20260920
200900542,20260831
200909050,20260921
200916180,20260916
200909103,20260908
200906956,20260831
200916863,20260918
200918418,20260930
200918189,20260831
200910625,20260903
200913892,20260918
200610082,20260924
200908705,20260910
200918549,20260920
200911496,20260831
200915639,20260920
200918408,20260930
200907267,20260907
200919144,20260831
200910158,20260910
200906793,20260831
200900362,20260921
200918976,20260921
200915107,20260930
200914087,20260920
200917044,20260905
200918529,20260920
200903660,20260906
200910137,20260930
200918080,20260920
200902507,20260831
200916772,20260902
200919139,20260831
200918075,20260920
200918050,20260930
200878120,20260920
200917731,20260930
200913748,20260831
200918417,20260921
200898391,20260831
200916055,20260929
200918470,20260831
200917639,20260911
200914565,20260930
200918184,20261003
200917238,20260906
200918852,20260930
200904996,20260905
200916792,20260919
200911837,20260910
200917816,20260920
200911034,20260910
200906977,20260831
200918944,20260930
200761800,20260930
200909838,20260909
200913768,20260930
200915923,20260905
200918402,20260920
200911914,20260831
200917062,20260919
200911137,20260831
200916787,20260930
200910233,20260910
200918050,20260930
200905674,20260904
200904757,20260831
200897517,20260930
200916065,20260831
200918135,20260922
200903611,20260906
200905499,20260905
200885973,20260920
200910674,20260916
200898339,20260831
200916138,20260918
200906623,20260910
200902669,20260902
200916896,20260831
200919019,20260922
200910089,20260913
200905317,20260908
200916628,20260916
200897702,20260831
200900776,20260901
200917283,20260920
200905695,20260831
200826243,20260930
200908205,20260911
200916664,20260920
200917889,20260917
200906102,20260906
200909362,20260930
200918080,20260920
200913182,20260921
200918483,20260923
200917851,20260920
200913212,20260901
200864533,20260917
200910636,20260912
200916990,20260831
200841174,20260908
200917983,20260910
200897342,20260831
200913052,20260911
200903387,20260906
200917977,20260920
200914056,20260901
200918972,20260921
200914875,20260930
200916730,20260916
200902343,20260912
200917982,20260901
200917782,20260921
200639185,20260902
200895377,20260831
200917039,20261031
200916797,20260919
200912176,20260911
200917686,20260915
200917986,20260921
200911763,20260930
200905498,20260903
200917155,20260919
200917585,20260921
200911392,20260831
200917065,20260920
200910529,20260912
200919186,20260922
200917738,20260930
200917213,20260920
200918963,20260921
21065264,20260930
200912546,20260831
200917794,20260930
200909065,20260831
200917856,20260923
200910158,20260910
200871326,20260831
200913172,20260913
200911917,20260930
200916717,20260920
200901920,20260905
200902889,20260831
200908766,20260910
200917009,20260920
200912891,20260917
200906320,20260831
200918973,20260921
200894003,20260831
200905122,20260903
200917617,20260911
200917607,20260930
200849460,20260925
200918554,20260919
200902608,20260902
200918964,20260921
200915257,20260905
200916973,20260922
200910051,20260912
200879266,20260904
200904595,20260905
200916158,20260919
200900854,20260901
200912213,20260911
200917690,20260921
200896189,20260831
200916471,20260907
200897703,20260921
200904392,20260831
200902361,20260901
200894762,20260831
200909270,20260909
200915278,20260930
200757056,20260831
200911449,20260917
200917294,20260916
200906427,20260910
200897398,20260831
200912136,20260905
200915789,20260831
200918019,20260921
200907260,20260911
200914226,20260915
200915112,20260831
200898842,20260831
200913875,20260915
200916578,20260919
200917418,20260915
200906498,20260915
200909077,20260930
200916969,20260912
200912373,20260930
200918435,20260920
200903190,20260906
200908475,20260912
200915002,20260831
200900700,20260914
200906039,20260831
200897212,20260831
200918016,20260920
200898442,20260901
200916937,20260905
200918053,20260930
200901942,20260917
200903728,20260907
200918344,20260922
200914260,20260930
200887831,20260916
200878389,20260910
200898008,20260921
200903133,20260831
200902759,20260901
200912683,20260917
200841174,20260908
200908352,20260831
200915093,20260915
200917994,20260921
200894693,20260831
200911488,20260913
200903144,20260902
200901903,20261005
200900537,20260831
200913354,20260917
200913465,20260905
200916340,20260901
200900143,20260831
200918376,20260831
200907247,20260831
200918432,20260921
200919041,20260925
200909889,20260915
200913193,20260920
200917647,20260920
200906697,20260910
200911882,20260914
200910181,20260913
200908132,20260910
200860702,20260831
200902271,20260831
200912717,20260915
200894419,20260831
200917672,20260918
200911053,20260919
200899932,20260901
200907503,20260910
200899949,20260831
200913530,20260917
200917276,20260930
200902805,20260904
200896474,20260831
200918113,20260921
200917032,20260920
200909234,20260923
200917627,20260920
200877395,20260915
200917062,20260919
200917347,20260922
200724188,20260905
200909696,20260930
200911955,20260913
200905124,20260915
200919139,20260831
200917889,20260917
200917238,20260906
200907155,20261030
200919145,20260831
200912227,20260831
200901413,20260831
200917164,20260930
200849073,20260922
200917861,20260921
200906835,20260831
200895504,20260831
200919002,20260916
200883619,20260918
200916470,20260916
200916768,20260902
200919149,20260831
200916760,20260918
200915128,20260922
200885973,20260920
200910163,20260910
200917293,20260920
200731297,20260907
200912597,20260914
200918729,20260930
200918051,20260921
200918973,20260921
200918027,20260914
200910102,20260913
200915883,20260918
200916065,20260831
200917101,20260902
200910907,20260831
200917290,20260920
200912675,20260831
200904010,20260903
200908250,20260930
200699135,20260920
200918976,20260921
200901263,20260831
200904247,20260906
200910540,20260831
200901251,20260831
200914058,20260918
200905071,20260905
200918189,20260831
200659578,20260831
200914565,20260930
200898696,20260831
200919120,20260831
200911734,20260911
200913754,20260922
200917437,20260905
200911958,20260913
200909838,20260909
200918472,20260930
200904693,20260905
200910297,20260926
200916799,20260930
200904012,20260905
200911837,20260910
200917301,20260920
200915923,20260905
200906410,20260907
200918080,20260920
200919253,20260831
200914326,20260905
200911194,20260831
200917830,20260920
200894899,20260831
200919081,20260904
200917977,20260920
200900435,20260911
200917269,20260906
200915781,20260919
200834336,20260906
200841174,20260908
200864733,20260905
200893971,20260928
200917412,20260906
200917094,20260920
200902343,20260912
200908766,20260910
200904051,20260930
200916720,20260920
200909775,20260905
200916776,20260930
200919173,20260831
200917939,20260921
200906766,20260909
200918517,20260925
200765555,20260918
200884846,20260831
200920020,20260924
200919466,20260930
200906975,20260910
200905546,20260905
200915507,20260916
200918767,20260930
200897832,20260831
200899716,20260831
200909368,20260910
200911552,20260930
200916133,20260831
200918671,20260923
200902391,20260905
200907294,20260915
200913465,20260905
200919377,20260831
200916673,20260917
200919793,20260923
200914216,20260914
200907192,20260930
200907453,20260831
200916256,20260915
200920039,20260831
200915022,20260919
200919864,20260831
200914023,20260919
200916397,20260930
200911168,20260913
200919705,20260920
200904991,20260907
200856593,20260831
200912996,20260910
200900062,20260905
200906531,20260906
200920402,20260831
200898532,20260901
200908295,20260910
200905004,20260903
200915751,20260831
200920157,20260915
200916124,20260930
200911488,20260913
200916050,20260919
200912108,20260905
200918797,20260926
200909381,20260908
200889441,20260901
200905214,20260905
200905904,20260831
200899118,20260923
200919811,20260928
200906039,20260831
200905026,20260903
200902807,20260912
200914234,20260901
200906206,20260831
200913529,20260831
200909273,20260905
200911053,20260919
200909889,20260915
200920175,20260906
200917197,20260919
200919859,20260920
200906268,20260915
200919440,20260908
200914528,20260918
200902984,20260831
200908942,20260913
200907029,20260906
200909896,20260913
200920401,20260831
200919510,20260915
200912639,20260917
200910235,20260914
200898696,20260831
200903272,20260910
200919517,20260924
200918805,20260927
200887831,20260916
200918575,20260920
200914711,20260930
200918936,20260922
200907503,20260910
200906140,20260910
200919041,20260925
200912673,20260918
200914630,20260917
200917863,20260930
200914086,20260918
200916845,20260920
200919161,20260910
200847443,20260921
200916688,20260923
200901604,20260901
200915400,20260917
200907805,20260901
200918929,20260918
200917045,20260920
200894748,20260831
200904877,20260903
200906676,20260910
200907834,20260915
200916072,20260918
200907805,20260901
200866871,20260905
200908295,20260910
200911947,20260916
200919503,20260918
200909260,20260912
200916847,20260922
200902468,20260903
200912682,20260918
200919811,20260928
200919315,20260926
200916340,20260901
200910423,20260910
200918108,20260919
200917787,20260905
200916497,20260905
200916845,20260920
200912232,20260905
200851705,20260930
200917582,20260920
200916078,20260918
200905358,20260904
200902821,20260903
200886442,20260923
200888402,20260831
200901624,20260905
200907962,20260912
200908627,20260831
200908801,20260908
200894762,20260831
200901054,20260831
200914787,20260930
200913510,20260913
200896398,20260831
200908165,20260911
200837608,20260920
200898442,20260901
200919311,20260831
200909949,20260905
200913530,20260917
200878389,20260910
200911519,20260904
200913903,20260905
200912479,20260905
200908132,20260910
200911697,20260912
200912858,20260913
200916360,20260831
200902341,20260909
200915842,20260831
200915507,20260916
200919682,20260910
200907202,20260831
200896568,20260831
200913529,20260831
200910139,20260915
200888809,20260831
200562800,20260912
200918828,20260924
200907782,20260921
200919234,20260930
200915139,20260916
200899777,20260831
200917021,20260920
200913160,20260917
200919297,20260926
200912270,20260915
200900177,20260831
200907322,20260831
200918002,20260915
200917019,20260919
200919809,20260912
200909510,20260930
200920175,20260906
200898388,20260831
200907206,20260911
200919584,20260924
200888366,20260920
200913957,20260930
200736160,20260903
200920327,20260831
200915499,20260919
200909789,20260910
200898101,20260831
200918403,20260924
200886345,20260915
200916843,20260905
200913475,20260917
200912724,20260915
200907015,20260908
200907335,20260905
200908183,20260930
200921318,20260929
200899949,20260831
200894748,20260831
200920453,20260930
200905262,20260831
200909563,20260915
200907419,20261001
200893200,20260831
200915904,20260905
200912673,20260918
200915277,20260930
200905047,20260905
200920573,20260925
200916596,20260920
200906328,20260831
200908576,20260912
200918124,20260922
200915208,20261031
200921214,20260925
200909062,20260918
200914023,20260919
200736160,20260903
200918956,20260918
200890592,20260905
200915032,20260915
200911371,20260912
200915507,20260916
200907196,20260904
200920157,20260915
200920606,20260925
200916026,20260904
200918053,20260930
200910278,20260913
200905904,20260831
200919297,20260926
200921381,20260924
200892707,20260930
200765555,20260918
200920499,20260925
200914483,20260918
200896256,20260831
200900309,20260831
200918749,20260905
200919682,20260910
200918171,20260930
200895385,20260831
200921445,20260909
200917418,20260915
200904679,20260917
200904667,20260903
200919346,20260920
200920857,20260912
200906308,20260831
200916175,20260919
200916850,20260908
200919328,20260924
200911287,20260925
200909260,20260912
200918432,20260921
200907810,20260918
200916937,20260905
200915299,20260831
200903133,20260831
200891395,20260921
200916097,20260903
200910488,20260905
200903864,20260903
200905546,20260905
200913475,20260917
200913338,20260831
200910039,20260926
200908801,20260908
200905694,20260905
200908697,20260912
200920175,20260906
200915621,20260919
200902734,20260904
200900976,20260904
200901277,20260918
200905027,20260905
200911505,20260912
200908295,20260910
200917787,20260905
200919373,20260831
200912878,20260917
200921095,20260930
200914420,20260918
200898532,20260901
200884015,20260911
200898294,20260930
200917134,20260919
200921356,20260831
200906729,20260930
200914607,20260910
200888402,20260831
200916819,20260916
200915452,20260915
200914047,20260915
200911370,20260919
200899818,20260831
200899413,20260831
200916657,20260916
200915843,20260930
200750855,20260930
200905204,20260907
200896666,20260831
200921120,20260905
200884846,20260831
200908330,20260831
200916616,20260915
200919786,20260916
200916331,20260831
200919311,20260831
200919466,20260930
200847443,20260921
200915299,20260831
200862633,20260831
200918445,20261021
200919494,20260901
200911370,20260919
200917378,20260930
200907234,20260907
200919650,20260920
200856144,20261230
200915317,20260916
200914420,20260918
200915452,20260915
200914607,20260910
200919412,20260924
200898151,20260831
200919471,20260930
200919648,20260920
200906206,20260831
200909300,20260912
200921198,20260831
200897212,20260831
200912680,20260831
200917037,20260831
200914599,20260919
200910914,20260911
200919188,20260915
200913036,20260915
200916242,20260831
200917280,20260930
200920887,20260912
200917863,20260930
200918202,20260925
200921202,20260930
200913801,20260831
200917776,20260905
200899081,20260831
200909904,20260912
200917502,20260917
200910104,20260831
200920156,20260925
200913185,20260921
200907202,20260831
200800339,20260906
200919643,20260930
200914006,20260930
200909949,20260912
200918393,20260930
200915356,20260930
200916097,20260903
200908165,20260911
200913675,20260831
200908954,20260915
200910301,20260913
200919793,20260923
200918176,20260930
200917953,20260903
200917045,20260920
200898388,20260831
200904965,20260906
200920636,20260925
200914245,20260915
200909559,20260908
200901458,20260905
200920746,20260915
200906531,20260906
200899926,20260903
200902271,20260831
200917206,20260915
200914197,20260920
200906343,20260930
200890708,20260902
200895385,20260831
200918435,20260920
200921276,20260930
200921312,20260925
200913459,20260915
200917672,20260918
200920568,20260925
200919836,20260915
200899413,20260831
200869362,20260831
200913342,20260918
200910139,20260915
200769444,20260913
200905756,20260909
200900002,20260831
200903353,20260906
200898009,20260831
200921953,20260926
200920857,20260912
200922782,20260926
200922601,20260930
200914056,20260901
200911704,20260925
200899926,20260903
200907654,20260930
200909234,20260923
200910584,20260919
200920424,20260930
200921798,20260923
200902343,20260912
200921097,20260929
200913356,20260916
200898615,20260915
200920289,20260909
200894859,20260915
200922440,20260930
200895866,20260915
200921562,20260904
200898412,20260901
200909055,20260921
200921555,20260904
200921401,20260831
200921556,20260904
200879070,20260908
200894508,20260907
200922320,20260908
200916506,20260920
200856603,20260915
200921602,20260924
200915939,20260914
200919246,20260919
200907275,20260930
200902074,20260901
200915815,20260905
200919461,20260920
200916130,20260918
200921616,20260920
200904494,20260903
200922082,20260925
200920345,20260930
200909551,20260911
200911472,20260914
200917432,20260905
200889492,20260910
200902805,20260904
200919900,20260921
200914598,20260911
200921872,20260925
200910731,20260903
200901404,20260831
200921874,20260930
200922669,20260915
200921815,20260926
200921435,20260918
200903723,20260904
200918185,20260917
200918189,20260831
200921015,20260915
200921001,20260915
200908250,20260930
200919961,20260926
200918347,20260921
200906321,20260906
200893701,20260831
200919297,20260926
200920990,20260915
200919953,20260930
200898248,20260831
200912977,20260916
200910047,20260913
200903041,20260906
200913892,20260918
200922693,20260831
200921561,20260904
200915883,20260918
200920141,20260905
200920375,20260915
200907772,20260915
200919742,20260925
200914875,20260930
200875067,20260905
200921295,20260922
200900587,20260831
200920068,20260930
200921948,20260927
200920733,20260912
200916062,20260920
200914596,20260922
200921755,20260918
200922063,20260926
200920347,20260930
200912166,20260912
200901285,20260831
200913079,20260918
200894206,20260926
200922592,20260831
200922162,20260930
200841174,20260908
200922304,20260927
200876599,20260930
200912080,20260920
200877819,20260902
200914195,20260930
200920043,20260924
200300733,20260903
200910633,20260831
200912377,20260915
200900407,20260904
200918182,20260915
200902759,20260901
200909510,20260930
200920458,20260930
200906100,20260905
200912502,20260920
200909896,20260913
200899338,20260905
200884846,20260831
200917092,20260907
200916845,20260920
200917037,20260831
200907206,20260911
200898294,20260930
200921887,20260902
200917280,20260930
200899337,20260904
200902468,20260903
200919312,20260925
200919836,20260915
200914282,20260918
200915498,20260905
200919041,20260925
200910417,20260910
200913757,20260930
200885031,20260919
200915843,20260930
200901826,20260904
200903661,20260903
200917672,20260918
200918016,20260920
200889223,20260926
200906220,20260910
200906412,20260904
200914340,20260917
200919086,20260920
200919670,20261031
200912518,20260914
200916371,20260905
200899081,20260831
200899270,20260915
200910935,20260914
200909126,20260908
200911651,20260912
200907824,20260831
200910630,20260930
200921214,20260925
200922688,20261003
200920520,20260912
200887831,20260916
200917863,20260930
200914653,20260918
200907482,20260907
200917160,20260930
200921312,20260925
200920578,20260930
200920606,20260925
200871893,20260906
200912213,20260911
200911449,20260919
200909033,20260915
200922486,20260915
200916602,20260915
200915299,20260831
200899902,20260831
200912717,20260915
200907491,20260901
200912690,20260930
200917744,20260920
200921187,20260916
200915894,20260908
200786868,20260930
200908576,20260912
200914100,20260920
200922169,20260926
200908949,20260905
200921394,20260925
200918704,20260919
200904698,20260930
200912985,20260914
200886442,20260923
200920607,20260930
200921196,20260930
200901624,20260905
200913459,20260915
200919297,20260926
200899777,20260831
200922647,20260831
200869362,20260831
200922291,20260922
200910931,20260912
200913465,20260905
200919389,20260930
200918696,20260831
200907192,20260930
200900976,20260904
200920640,20261031
200912251,20260912
200907419,20261001
200919859,20260920
200922097,20260905
200898745,20260831
200907396,20260914
200907117,20260831
200912505,20260921
200907294,20260915
200920439,20260925
200921758,20260906
200918171,20260930
200919311,20260831
200916578,20260919
200920175,20260906
200910117,20260905
200908165,20260911
200861883,20260922
200907728,20260910
200922931,20260923
200922440,20260930
200922592,20260831
200879039,20260917
200905006,20260915
200909234,20260923
200916301,20260915
200902273,20260910
200923728,20260904
200903387,20261006
200923675,20260930
200923415,20260930
200894905,20260915
200786884,20261231
200900306,20260930
200921560,20260904
200922236,20260901
200914222,20260914
200910089,20260913
200911339,20260910
200913084,20260831
200921602,20260924
200921708,20260922
200912885,20260905
200914548,20260915
200920019,20260924
200911496,20260831
200912221,20260913
200922160,20260930
200923343,20260906
200909718,20260901
200923138,20260930
200921324,20260912
200902775,20260901
200915806,20260918
200918540,20260831
200921529,20260930
200923414,20260930
200904076,20260902
200909299,20260908
200923277,20260930
200910716,20260930
200919297,20260926
200922574,20260904
200921405,20260930
200921435,20260918
200921815,20260926
200914875,20260930
200922638,20260901
200921335,20260912
200903550,20260831
200905287,20260831
200919900,20260921
200901260,20260831
200898696,20260831
200879740,20260906
200916249,20260915
200894859,20260915
200900362,20260914
200923403,20260831
200921002,20260930
200900473,20260901
200900312,20260831
200902341,20260909
200921809,20260908
200916338,20260915
200922683,20260905
200910971,20260910
200905559,20260904
200902313,20260909
200921641,20260930
200804197,20260915
200921656,20260930
200856603,20260915
200900142,20260831
200915939,20260914
200919293,20260926
200921568,20260831
200921433,20260918
200916896,20260831
200901931,20260831
200911443,20260910
200922214,20261003
200918443,20260917
200913126,20260913
200916355,20260915
200907663,20260905
200919438,20260920
200922290,20260831
200870518,20260831
200911958,20260913
200886538,20260915
200884842,20260921
200913792,20260930
200915442,20260930
200919961,20260926
21065264,20260930
200895795,20260915
200904865,20260831
200897730,20260831
200920704,20260904
200899241,20260831
200917026,20260916
200871326,20260831
200911838,20260912
200909381,20260908
200901258,20260904
200922339,20260908
200889743,20260920
200921328,20260912
200913944,20260930
200906956,20260831
200922459,20260923
200922327,20260908
200921713,20260922
200923250,20260930
200902035,20260901
200872137,20260911
200884842,20260921
200908703,20260831
200909817,20260902
200904514,20260902
200903412,20260831
200906956,20260831
200922756,20260912
200887985,20260921
200900543,20260831
200918540,20260831
200919815,20260926
200897760,20260902
200922412,20260926
200922327,20260908
200902760,20260905
200864231,20260915
200919961,20260926
200920779,20260907
200914446,20261231
200912136,20260905
200893495,20260930
200872137,20260911
200857543,20260915
200918922,20260930
200913384,20260930
200923784,20260922
200708310,20260930
200921707,20260922
200900534,20260904
200912597,20260914
200917401,20260831
200923099,20260915
200902468,20260903
200919297,20260926
200922259,20260926
200918538,20260930
200921645,20260930
200921295,20260922
200921104,20260928
200921335,20260912
200914971,20260922
200915771,20260919
200836260,20260903
200922328,20260908
200923777,20260928
200922324,20260908
200907938,20260915
200923704,20260916
200896828,20260930
200907650,20260930
200910731,20260903
200910089,20260913
200891169,20260915
200907484,20260911
200859803,20260921
200921602,20260924
200922629,20260901
200913052,20260911
200912240,20260930
200923692,20260930
200920642,20260912
200922338,20260908
200918483,20260923
200830225,20260915
200922697,20260831
200922074,20261031
200901251,20260831
200922317,20260926
200921563,20260904
200914138,20260905
200920235,20260920
200913768,20260930
200921097,20260929
200899586,20260911
200921814,20260930
200904779,20260831
200907685,20260930
200896324,20260831
200837978,20260915
200903905,20260905
200903843,20260831
200918668,20260930
200911841,20260905
200903070,20260903
200904494,20260903
200923360,20260915
200921179,20260930
200906798,20260910
200921344,20260912
200920613,20260925
200906331,20261003
200923786,20260922
200818530,20260915
200923620,20260927
200917739,20260925
200810659,20260921
200923647,20260919
200921379,20260908
200919694,20260831
200915374,20261003
200920579,20260922
200923773,20260920
200918544,20260905
200922132,20260920
200912053,20260915
200905406,20260903
200922915,20260918
200895109,20260909
200904271,20260903
200911798,20260914
200891497,20260930
200904002,20260903
200920569,20260923
200922665,20260910
200922068,20260925
200923836,20260923
200839421,20260908
200912227,20260831
200816403,20260831
200912597,20260914
200917826,20260921
200901826,20260904
200905282,20260903
200919742,20260925
200922792,20260926
200803509,20260915
200891863,20260831
200922426,20260928
200923189,20260926
200924177,20260910
200902077,20260901
200904912,20260907
200908923,20260831
200895663,20260916
200923312,20260831
200922855,20260930
200922856,20260930
200895877,20260915
200924570,20260924
200836260,20260903
200904996,20260905
200924642,20260831
200923796,20260930
200923898,20260912
200924362,20260906
200923405,20260831
200898658,20260831
200923311,20260831
200922724,20260912
200920532,20260910
200913498,20260913
200924647,20260922
200908741,20260908
200910605,20260913
200920027,20260930
200907656,20260911
200924375,20260930
200922473,20260923
200923754,20260915
200910089,20260913
200908000,20260910
200924096,20260904
200924387,20260930
200902608,20260902
200909705,20260908
200922929,20260910
200897381,20260930
200409307,20260905
200920175,20260906
200906129,20260924
200826460,20260916
200907638,20260908
200914528,20260918
200922932,20260910
200904051,20260930
200910399,20260909
200923819,20260930
200923784,20260922
200916055,20260929
200924724,20260915
200915923,20260905
200900464,20260904
200906321,20260906
200913052,20260911
200914859,20260905
200912977,20260916
200923215,20260923
200923217,20260930
200924222,20260910
200924443,20260915
200923707,20260930
200913792,20260930
200633653,20260915
200923729,20260904
200917108,20260930
200924361,20260906
200924672,20260924
200914880,20260930
200918922,20260930
200918807,20260930
200922870,20260930
200902164,20260831
200900765,20260831
200924648,20260831
200891203,20260906
200908766,20260910
200786743,20260926
200923321,20260831
200866961,20260915
200924710,20260930
200923647,20260919
200924808,20260908
200897461,20260930
200923733,20260904
200909608,20260831
200852697,20260930
200906967,20260910
200913126,20260913
200914596,20260922
200911517,20260831
200923020,20260928
200903459,20260903
200903715,20260904
200909051,20260909
200906344,20260831
200910877,20260918
200923673,20260930
200912885,20260905
200889743,20260920
200919620,20260906
200881283,20260831
200922885,20260930
200921755,20260918
200922871,20260930
200921811,20260915
200920286,20260924
200867601,20260831
200906625,20260911
200920579,20260922
200919783,20260916
200902669,20260902
200924439,20260915
200899586,20260911
200924023,20260930
200901328,20260930
200909305,20260911
200922397,20260927
200922844,20260930
200912546,20260905
200919635,20260919
200919825,20260928
200906776,20260911
200865362,20260928
200913052,20260911
200910211,20260913
200923704,20260916
200924086,20260930
200899179,20260904
200924708,20260930
200864241,20260915
200911392,20260930
200910971,20260910
200910731,20260903
200924442,20260915
200902775,20260901
200786884,20261231
200907737,20260930
200921122,20260924
200912410,20260916
200922880,20260930
200912166,20260912
200924659,20260924
200910606,20260930
200916628,20260916
200899241,20260904
200922866,20260930
200921641,20260930
200913336,20260914
200858657,20260915
200905332,20260903
200922877,20260930
200882414,20260904
200905646,20260908
200911798,20260914
200924362,20260906
200917865,20260921
200899376,20260831
200923311,20260907
200911958,20260913
200709843,20260903
200903186,20260910
200864244,20260915
200917816,20260920
200922070,20260923
200905282,20260903
200910399,20260909
200922783,20260926
200895795,20260915
200900142,20260906
14397669,20260927
200865438,20260831
200914420,20260918
200908741,20260908
200903905,20260905
200899032,20260904
200904239,20260906
200920094,20260925
200767079,20260923
200923780,20260922
200922891,20260915
200901197,20260905
200911700,20260905
200924440,20260915
200923294,20260927
200913951,20260930
200904693,20260905
200920817,20260930
200922931,20260923
200913792,20260930
200899503,20260904
200859803,20260921
200852697,20260930
200902424,20260901
200916845,20260920
200924177,20260910
200899518,20260904
200873118,20260915
200916289,20260930
200923610,20260930
200912176,20260911
200921602,20260924
200920993,20260922
200924600,20260930
200837978,20260915
200921809,20260908
200800492,20260909
200922761,20260926
200922228,20260922
200917601,20260919
200913212,20260901
200924709,20260930
200915318,20260918
200897750,20260908
200891497,20260930
200893001,20260930
200902507,20260906
200924219,20260910
200903183,20260910
200894201,20260930
200922426,20260928
200924638,20260930
200924443,20260915
200914118,20260930
200889743,20260920
200921156,20260930
200923353,20260902
200902672,20260902
200902512,20260906
200924096,20260904
200924589,20260930
200910157,20260930
200899334,20260904
200922858,20260930
200899893,20260905
200914753,20260915
200910245,20260909
200902991,20260903
200924613,20261031
200924495,20260915
200910134,20260930
200824197,20260901
200920027,20260930
200924277,20260929
200924061,20260916
200894596,20260915
200924925,20261015
200911076,20260914
200923888,20260906
200914875,20260930
200905646,20260908
200890467,20260901
200893717,20260914
200923780,20260922
200914420,20260918
200910013,20260912
200916845,20260920
200924662,20260930
200917739,20260925
200760807,20260909
200905561,20260905
200852989,20260921
200921319,20260930
200897488,20260930
200915781,20260919
200917830,20260920
200924368,20260928
200924899,20260920
200899518,20260904
200915883,20260918
200902630,20260902
200923786,20260922
200902849,20260908
200899241,20260904
200924342,20260930
200903041,20260906
200920235,20260920
200897381,20260930
200922856,20260930
200922287,20260929
200913172,20260913
200919694,20260914
200921332,20260912
200731297,20260907
200924029,20260930
200901285,20260904
200912597,20260914
200919698,20260930
200922835,20260930
200917826,20260921
200924265,20260902
200905282,20260903
200924704,20260925
200920465,20260922
200923717,20260904
200898865,20260903
200846731,20260915
200924276,20260902
200902515,20260906
200907656,20260911
200924177,20260910
200895663,20260916
200889744,20260903
200924656,20260930
200886184,20260911
200889492,20260910
200912166,20260912
200913892,20260918
200922880,20260930
200914195,20260930
200921488,20260912
200921188,20260925
200900054,20260904
200915234,20260919
200918219,20260905
200914056,20260901
200909529,20260912
200923054,20260917
200911495,20260930
200924648,20260908
200910584,20260919
200906344,20260911
200918483,20260923
200904280,20260902
200901258,20260904
200912932,20260913
200913498,20260913
200902454,20260901
200901413,20260905
200652718,20261030
200923591,20260930
200790569,20260915
200901407,20260905
200924020,20260928
200847750,20260915
200913913,20260915
200924447,20260915
200904779,20260908
200912885,20260905
200915163,20260930
200916774,20260914
200924223,20260910
200920424,20260930
200903611,20260906
200922851,20260930
200922881,20260930
200915257,20260905
200897760,20260902
200864245,20260915
200923794,20260923
200899503,20260904
200923403,20260907
200902512,20260906
200909103,20260908
200922441,20260906
200908477,20260915
200864244,20260915
200922841,20260930
200923982,20260930
200923405,20260907
200918000,20260910
200905261,20260907
200918807,20260930
200924772,20260925
200919815,20260926
200924901,20260925
200900082,20260914
200924930,20260926
200915501,20260906
200920363,20260926
200914547,20260914
200895688,20260912
200901197,20260905
200899334,20260904
200921050,20260925
200866955,20260915
200921295,20260922
200913754,20260922
200897381,20260930
200925141,20260930
200923099,20260915
200919961,20260926
200874187,20260902
200915374,20261003
200897051,20260904
200897136,20260914
200921811,20260915
200923673,20260930
200924704,20260925
200888277,20260930
200924110,20260904
200887215,20260906
200918400,20260917
200903459,20260903
200905406,20260903
200914795,20260930
200727606,20260915
200925080,20260929
200924697,20260930
200924443,20260915
200920644,20260925
200915107,20260930
200919742,20260925
200900312,20260831
200914195,20260930
200923042,20260930
200923870,20260928
200920569,20260923
200923189,20260926
200898083,20260908
200909463,20260912
200907737,20260930
200924201,20260910
200917301,20260920
200925009,20260930
200906297,20260904
200904757,20260908
200750146,20260930
200901413,20260905
200917592,20260930
200924337,20260906
200923781,20260922
21283878,20260930
200924463,20260915
200914063,20260914
200908703,20260914
200916760,20260918
200894591,20260915
200920343,20260930
200907638,20260908
200924447,20260915
200502904,20260908
200924529,20260928
200900483,20260904
200910074,20260913
200911341,20260910
200914138,20260905
200917401,20260914
200920326,20260930
200909051,20260909
200923819,20260930
200921425,20260930
200923393,20260907
200924086,20260930
200900289,20260904
200900016,20260904
200915234,20260919
200916409,20260920
200906975,20260910
200924172,20260905
200922792,20260926
200915081,20260915
200898658,20260831
200920779,20260907
200905485,20260908
200899034,20260904
200906410,20260907
200923813,20260923
200923294,20260927
200922876,20260902
200919825,20260928
200923269,20260923
200826460,20260916
200924222,20260910
200904247,20260906
200893314,20260930
200902472,20260905
200915629,20260923
200912373,20260930
200921676,20260926
200912878,20260917
200913094,20260924
200916497,20260905
200921732,20260916
200921937,20260928
200924027,20260910
200922662,20260930
200923881,20260930
200897877,20260907
200911519,20260904
200914607,20260910
200896023,20260912
200916847,20260922
200902372,20260906
200915093,20260915
200899062,20260904
200919794,20260920
200905004,20260903
200923097,20260907
200925084,20260922
200923431,20260927
200925217,20261002
200925120,20260930
200924263,20260926
200900736,20260902
200925213,20260915
200887279,20260930
200924681,20260925
200903174,20260905
200897251,20260930
200911533,20260904
200919450,20260920
200920396,20260905
200908351,20260919
200921927,20260910
200918124,20260922
200917045,20260920
200913176,20260915
200897256,20260930
200924954,20260929
200913354,20260917
200921943,20260918
200894294,20260924
200922914,20260923
200907335,20260930
200904702,20260907
200924894,20260908
200916348,20260915
200918478,20260921
200903907,20260912
200924547,20260928
200921201,20260921
200916376,20260905
200924105,20260912
200920095,20260915
200920857,20260912
200885096,20260904
200913036,20260915
200909949,20260912
200921941,20260926
200923986,20260908
200905385,20260904
200874980,20260930
200924787,20260910
200905127,20260907
200913959,20260919
200918069,20260930
200921378,20260909
200915880,20260930
200910273,20260914
200913314,20260918
200903353,20260906
200920450,20260922
200915187,20260915
200905543,20260905
200920102,20260930
200912858,20260913
200920480,20260915
200905904,20260911
200908193,20260910
200923164,20260930
200925205,20260915
200921945,20260930
200916866,20260908
200906268,20260915
200899932,20260905
200908163,20260914
200871893,20260906
200924212,20260904
200919705,20260920
200913204,20260905
200910573,20260924
200904679,20260918
200901662,20260905
200892119,20260925
200923964,20260908
200901599,20260915
200916451,20260920
200906732,20260911
200906427,20260910
200924051,20260928
200912503,20260924
200924354,20260923
200923559,20260923
200918176,20260930
200877819,20260902
200917971,20260921
200924330,20260924
200912717,20260915
200920663,20260930
200924285,20261031
200917092,20260907
200906225,20260930
200919522,20260906
200924976,20260929
200924163,20260930
200922781,20260910
200912294,20260930
200900083,20260904
200901257,20261003
200917979,20260921
200915338,20260917
200887882,20260917
200914502,20260918
200901101,20260903
200905322,20260903
200921247,20260930
200912276,20260913
200924718,20260915
200914273,20260907
200911330,20260914
200754700,20260914
200907489,20260914
200905853,20260903
200920975,20260925
200921275,20260921
200913256,20260915
200881820,20260930
200916238,20260917
200921604,20260924
200889658,20260930
200920860,20260927
200910901,20260914
200906300,20260909
200800274,20260930
200910098,20260910
200750855,20260930
200902498,20260930
200917265,20260916
200922230,20260926
200924369,20260930
200923940,20260930
200913162,20260930
200869869,20260831
200922021,20260921
200922250,20260924
200904437,20260907
200906638,20260907
200900665,20260905
200906391,20260904
200922728,20260906
200905513,20261128
200917511,20260930
200878870,20260910
200914676,20260918
200915929,20260915
200820302,20260915
200907028,20260911
200915282,20260917
200900099,20260919
200905697,20260908
200923944,20260930
200917776,20260905
200903015,20260906
200917471,20260920
200919448,20260925
200908310,20260930
200917013,20260928
200914075,20260930
200914731,20260915
200922831,20260903
200909793,20260914
200912663,20260910
200907289,20260908
200925306,20260930
200915332,20260915
200922247,20260924
200907995,20260930
200919634,20260911
200916240,20260915
200867116,20260902
200916494,20260903
200906947,20260910
200464904,20260910
200921733,20260930
200921729,20260924
200922668,20260912
200922277,20260930
200833546,20260910
200878270,20260914
200914996,20260920
200910854,20260915
200914197,20260920
200903552,20260905
200919637,20260924
200881326,20260903
200889086,20260921
200909904,20260912
200916104,20260918
200920504,20260910
200913023,20260917
200906709,20260910
200902242,20260906
200918331,20260924
200920824,20260930
200898064,20260901
200905822,20260908
200916440,20260905
200898340,20260903
200918306,20260922
200925325,20260914
200915217,20260919
200914450,20260915
200916586,20260915
200920942,20260920
200918341,20260930
200915873,20260930
200878118,20260902
200899157,20260903
200907800,20260914
200920548,20260925
200921803,20260926
200920209,20260920
200918148,20260921
200903455,20260907
200877057,20260921
200912222,20260930
